QNN device eval started: 2026-05-04 12:57:25
Working directory: D:\_DEV
Python host: C:\Users\bentl\AppData\Local\Programs\Python\Python312-arm64\python.exe
Platform: Windows-11-10.0.26200-SP0

[2026-05-04 12:57:25] STEP 0: Define exact target from local system probe
----------------------------------------------------------------------------------------
Wrote qnn_device_probe.json
{
  "host_class": "Windows ARM64 Snapdragon-class host",
  "runtime_path": "Prefer onnxruntime + onnxruntime-qnn plugin path, unless artifact metadata requires older built-in provider flow.",
  "artifact_path": "Prefer Qualcomm AI Hub/HF precompiled_qnn_onnx for this exact chipset.",
  "next_proof": [
    "No artifact directory inspected."
  ],
  "blocking_findings": []
}

Public artifact lookup / recommendation
----------------------------------------------------------------------------------------
Public lookup: https://huggingface.co/qualcomm/Whisper-Tiny/raw/main/README.md
Public lookup: https://huggingface.co/qualcomm/Whisper-Base/raw/main/README.md
Wrote qnn_device_recommendations.json
Recommended artifact:
{
  "repo": "qualcomm/Whisper-Tiny",
  "model_name": "Whisper-Tiny",
  "source": "https://huggingface.co/qualcomm/Whisper-Tiny",
  "runtime": "PRECOMPILED_QNN_ONNX",
  "precision": "float",
  "chipset": "Snapdragon X Elite",
  "sdk_versions": "QAIRT 2.42, ONNX Runtime 1.24.3",
  "download_url": "https://qaihub-public-assets.s3.us-west-2.amazonaws.com/qai-hub-models/models/whisper_tiny/releases/v0.52.0/whisper_tiny-precompiled_qnn_onnx-float-qualcomm_snapdragon_x_elite.zip",
  "acquisition_method": "Download Hugging Face Qualcomm pre-exported ZIP; preserve ONNX + BIN relative layout.",
  "score": 245,
  "reasons": [
    "preferred Python ONNX Runtime QNN proof artifact",
    "exact chipset string match",
    "declares ONNX Runtime 1.24.3",
    "declares QAIRT 2.42",
    "Tiny model is preferred for first smoke proof"
  ]
}
Runtime request:
{
  "onnxruntime": {
    "package": "onnxruntime",
    "requested": "1.24.3",
    "specifier": "onnxruntime==1.24.3",
    "source": "artifact_metadata"
  },
  "onnxruntime_qnn": {
    "package": "onnxruntime-qnn",
    "requested": "latest",
    "specifier": "onnxruntime-qnn",
    "source": "default_latest",
    "reason": "Artifact metadata did not declare an onnxruntime-qnn Python package version."
  },
  "runtime_pairing_note": "Artifact SDK metadata: QAIRT 2.42, ONNX Runtime 1.24.3. ONNX Runtime request: 1.24.3. onnxruntime-qnn request: latest. A null/missing qnn package pin is reported as latest by design; installed version is captured after pip resolution."
}

[2026-05-04 12:57:29] STEP 2: Acquire exact artifact
----------------------------------------------------------------------------------------
Downloading artifact: https://qaihub-public-assets.s3.us-west-2.amazonaws.com/qai-hub-models/models/whisper_tiny/releases/v0.52.0/whisper_tiny-precompiled_qnn_onnx-float-qualcomm_snapdragon_x_elite.zip
Destination: qnn-artifacts\whisper_tiny-precompiled_qnn_onnx-float-qualcomm_snapdragon_x_elite.zip
Downloaded 105723671 bytes
Extracting ZIP to: qnn-artifacts\whisper_tiny-precompiled_qnn_onnx-float-qualcomm_snapdragon_x_elite

[2026-05-04 12:57:34] STEP 1: Install exact runtime package in .venv-qnn
----------------------------------------------------------------------------------------
Runtime request:
{
  "onnxruntime": {
    "package": "onnxruntime",
    "requested": "1.24.3",
    "specifier": "onnxruntime==1.24.3",
    "source": "artifact_metadata"
  },
  "onnxruntime_qnn": {
    "package": "onnxruntime-qnn",
    "requested": "latest",
    "specifier": "onnxruntime-qnn",
    "source": "default_latest",
    "reason": "Artifact metadata did not declare an onnxruntime-qnn Python package version."
  },
  "runtime_pairing_note": "Artifact SDK metadata: QAIRT 2.42, ONNX Runtime 1.24.3. ONNX Runtime request: 1.24.3. onnxruntime-qnn request: latest. A null/missing qnn package pin is reported as latest by design; installed version is captured after pip resolution."
}
Creating venv: .venv-qnn
$ C:\Users\bentl\AppData\Local\Programs\Python\Python312-arm64\python.exe -m venv .venv-qnn
$ .venv-qnn\Scripts\python.exe -m pip install --upgrade pip
Requirement already satisfied: pip in d:\_dev\.venv-qnn\lib\site-packages (25.0.1)
Collecting pip
  Using cached pip-26.1-py3-none-any.whl.metadata (4.6 kB)
Using cached pip-26.1-py3-none-any.whl (1.8 MB)
Installing collected packages: pip
  Attempting uninstall: pip
    Found existing installation: pip 25.0.1
    Uninstalling pip-25.0.1:
      Successfully uninstalled pip-25.0.1
Successfully installed pip-26.1
Package install request:
[
  "onnxruntime==1.24.3",
  "onnxruntime-qnn",
  "onnx",
  "numpy"
]
$ .venv-qnn\Scripts\python.exe -m pip install onnxruntime==1.24.3 onnxruntime-qnn onnx numpy
Collecting onnxruntime==1.24.3
  Using cached onnxruntime-1.24.3-cp312-cp312-win_arm64.whl.metadata (5.3 kB)
Collecting onnxruntime-qnn
  Using cached onnxruntime_qnn-2.1.0-cp312-cp312-win_arm64.whl.metadata (2.6 kB)
Collecting onnx
  Using cached onnx-1.21.0-cp312-abi3-win_arm64.whl.metadata (8.7 kB)
Collecting numpy
  Using cached numpy-2.4.4-cp312-cp312-win_arm64.whl.metadata (6.6 kB)
Collecting flatbuffers (from onnxruntime==1.24.3)
  Using cached flatbuffers-25.12.19-py2.py3-none-any.whl.metadata (1.0 kB)
Collecting packaging (from onnxruntime==1.24.3)
  Using cached packaging-26.2-py3-none-any.whl.metadata (3.5 kB)
Collecting protobuf (from onnxruntime==1.24.3)
  Using cached protobuf-7.34.1-py3-none-any.whl.metadata (595 bytes)
Collecting sympy (from onnxruntime==1.24.3)
  Using cached sympy-1.14.0-py3-none-any.whl.metadata (12 kB)
Collecting coloredlogs (from onnxruntime-qnn)
  Using cached coloredlogs-15.0.1-py2.py3-none-any.whl.metadata (12 kB)
Collecting typing_extensions>=4.7.1 (from onnx)
  Using cached typing_extensions-4.15.0-py3-none-any.whl.metadata (3.3 kB)
Collecting ml_dtypes>=0.5.0 (from onnx)
  Using cached ml_dtypes-0.5.4-cp312-cp312-win_arm64.whl.metadata (9.2 kB)
Collecting humanfriendly>=9.1 (from coloredlogs->onnxruntime-qnn)
  Using cached humanfriendly-10.0-py2.py3-none-any.whl.metadata (9.2 kB)
Collecting pyreadline3 (from humanfriendly>=9.1->coloredlogs->onnxruntime-qnn)
  Using cached pyreadline3-3.5.4-py3-none-any.whl.metadata (4.7 kB)
Collecting mpmath<1.4,>=1.1.0 (from sympy->onnxruntime==1.24.3)
  Using cached mpmath-1.3.0-py3-none-any.whl.metadata (8.6 kB)
Using cached onnxruntime-1.24.3-cp312-cp312-win_arm64.whl (12.3 MB)
Using cached onnxruntime_qnn-2.1.0-cp312-cp312-win_arm64.whl (56.1 MB)
Using cached onnx-1.21.0-cp312-abi3-win_arm64.whl (16.4 MB)
Using cached numpy-2.4.4-cp312-cp312-win_arm64.whl (10.2 MB)
Using cached ml_dtypes-0.5.4-cp312-cp312-win_arm64.whl (160 kB)
Using cached protobuf-7.34.1-py3-none-any.whl (170 kB)
Using cached typing_extensions-4.15.0-py3-none-any.whl (44 kB)
Using cached coloredlogs-15.0.1-py2.py3-none-any.whl (46 kB)
Using cached humanfriendly-10.0-py2.py3-none-any.whl (86 kB)
Using cached flatbuffers-25.12.19-py2.py3-none-any.whl (26 kB)
Using cached packaging-26.2-py3-none-any.whl (100 kB)
Using cached pyreadline3-3.5.4-py3-none-any.whl (83 kB)
Using cached sympy-1.14.0-py3-none-any.whl (6.3 MB)
Using cached mpmath-1.3.0-py3-none-any.whl (536 kB)
Installing collected packages: mpmath, flatbuffers, typing_extensions, sympy, pyreadline3, protobuf, packaging, numpy, onnxruntime, ml_dtypes, humanfriendly, onnx, coloredlogs, onnxruntime-qnn

Successfully installed coloredlogs-15.0.1 flatbuffers-25.12.19 humanfriendly-10.0 ml_dtypes-0.5.4 mpmath-1.3.0 numpy-2.4.4 onnx-1.21.0 onnxruntime-1.24.3 onnxruntime-qnn-2.1.0 packaging-26.2 protobuf-7.34.1 pyreadline3-3.5.4 sympy-1.14.0 typing_extensions-4.15.0
Installed runtime evidence:
{
  "numpy": "2.4.4",
  "onnx": "1.21.0",
  "onnxruntime": "1.24.3",
  "onnxruntime-qnn": "2.1.0"
}

[2026-05-04 12:57:51] STEP 3: Inspect artifact metadata/layout
----------------------------------------------------------------------------------------
Artifact queued for helper: qnn-artifacts\whisper_tiny-precompiled_qnn_onnx-float-qualcomm_snapdragon_x_elite

[2026-05-04 12:57:51] STEP 4: Verify provider visibility
----------------------------------------------------------------------------------------
Provider registration/discovery runs inside .venv-qnn helper. For plugin-style QNN, get_ep_devices() evidence is stronger than get_available_providers().

[2026-05-04 12:57:51] STEP 5: Load encoder/session
----------------------------------------------------------------------------------------
Encoder session load runs with CPU fallback disabled.

[2026-05-04 12:57:51] STEP 6: Load decoder/session
----------------------------------------------------------------------------------------
Decoder session load runs with CPU fallback disabled when decoder candidate exists.

[2026-05-04 12:57:51] STEP 7: Run smallest inference/smoke test
----------------------------------------------------------------------------------------
Synthetic zero-input inference is attempted using ONNX Runtime input metadata.

[2026-05-04 12:57:51] STEP 8: Run one real audio smoke test
----------------------------------------------------------------------------------------
test.wav found: D:\_DEV\test.wav
Generic evaluator validates WAV readability only. Full transcript proof still needs artifact-specific Whisper preprocessing/tokenizer/decode loop.

[2026-05-04 12:57:51] STEP 9: Define pass/fail evidence
----------------------------------------------------------------------------------------
$ .venv-qnn\Scripts\python.exe D:\_DEV\_qnn_device_eval_helper.py --artifact D:\_DEV\qnn-artifacts\whisper_tiny-precompiled_qnn_onnx-float-qualcomm_snapdragon_x_elite --probe D:\_DEV\qnn_device_probe.json --recommendations D:\_DEV\qnn_device_recommendations.json --test-wav D:\_DEV\test.wav
{
  "steps": [
    {
      "name": "0_define_exact_target",
      "status": "PASS",
      "detail": null,
      "evidence": {
        "probe_recommendation": {
          "host_class": "Windows ARM64 Snapdragon-class host",
          "runtime_path": "Prefer onnxruntime + onnxruntime-qnn plugin path, unless artifact metadata requires older built-in provider flow.",
          "artifact_path": "Prefer Qualcomm AI Hub/HF precompiled_qnn_onnx for this exact chipset.",
          "next_proof": [
            "No artifact directory inspected."
          ],
          "blocking_findings": []
        },
        "host_os": {
          "platform": "Windows-11-10.0.26200-SP0",
          "machine": "ARM64",
          "processor": "ARMv8 (64-bit) Family 8 Model 1 Revision 201, Qualcomm Technologies Inc",
          "python": "3.12.10 (tags/v3.12.10:0cc8128, Apr  8 2025, 12:31:18) [MSC v.1943 64 bit (ARM64)]",
          "is_windows": true,
          "is_arm64": true,
          "windows_os_cim": {
            "Caption": "Microsoft Windows 11 Pro",
            "Version": "10.0.26200",
            "BuildNumber": "26200",
            "OSArchitecture": "ARM 64-bit Processor"
          },
          "windows_os_cim_raw": {
            "cmd": [
              "powershell",
              "-NoProfile",
              "-ExecutionPolicy",
              "Bypass",
              "-Command",
              "Get-CimInstance Win32_OperatingSystem | Select-Object Caption,Version,BuildNumber,OSArchitecture | ConvertTo-Json -Compress"
            ],
            "rc": 0,
            "stdout": "{\"Caption\":\"Microsoft Windows 11 Pro\",\"Version\":\"10.0.26200\",\"BuildNumber\":\"26200\",\"OSArchitecture\":\"ARM 64-bit Processor\"}",
            "stderr": ""
          }
        },
        "soc": {
          "cpu": {
            "Name": "Snapdragon(R) X 10-core X1P64100 @ 3.40 GHz",
            "Manufacturer": "Qualcomm Technologies Inc",
            "Architecture": 12,
            "NumberOfCores": 10,
            "NumberOfLogicalProcessors": 10
          },
          "cpu_raw": {
            "cmd": [
              "powershell",
              "-NoProfile",
              "-ExecutionPolicy",
              "Bypass",
              "-Command",
              "Get-CimInstance Win32_Processor | Select-Object Name,Manufacturer,Architecture,NumberOfCores,NumberOfLogicalProcessors | ConvertTo-Json -Compress"
            ],
            "rc": 0,
            "stdout": "{\"Name\":\"Snapdragon(R) X 10-core X1P64100 @ 3.40 GHz\",\"Manufacturer\":\"Qualcomm Technologies Inc\",\"Architecture\":12,\"NumberOfCores\":10,\"NumberOfLogicalProcessors\":10}",
            "stderr": ""
          },
          "computer_system": {
            "Manufacturer": "Microsoft Corporation",
            "Model": "Microsoft Surface Laptop, 7th Edition",
            "SystemType": "ARM64-based PC"
          },
          "computer_system_raw": {
            "cmd": [
              "powershell",
              "-NoProfile",
              "-ExecutionPolicy",
              "Bypass",
              "-Command",
              "Get-CimInstance Win32_ComputerSystem | Select-Object Manufacturer,Model,SystemType | ConvertTo-Json -Compress"
            ],
            "rc": 0,
            "stdout": "{\"Manufacturer\":\"Microsoft Corporation\",\"Model\":\"Microsoft Surface Laptop, 7th Edition\",\"SystemType\":\"ARM64-based PC\"}",
            "stderr": ""
          }
        },
        "qualcomm_device_candidates": {
          "pnp_candidates": [
            {
              "Name": "Qualcomm Temperature Sensor Device",
              "Manufacturer": "Qualcomm Inc.",
              "PNPClass": "System",
              "DeviceID": "ACPI\\QCOM0C5A\\64",
              "Status": "OK"
            },
            {
              "Name": "Microphone Array (Qualcomm(R) Aqstic(TM) ACX Static Endpoints Audio Device)",
              "Manufacturer": "Microsoft",
              "PNPClass": "AudioEndpoint",
              "DeviceID": "SWD\\MMDEVAPI\\{0.0.1.00000000}.{084B9CB5-D60F-4FF7-8865-0C61D7475AE2}",
              "Status": "OK"
            },
            {
              "Name": "Qualcomm(R) Spectra(TM) 695 ISP Camera MipiCsi Device",
              "Manufacturer": "Qualcomm Inc.",
              "PNPClass": "Camera",
              "DeviceID": "ACPI\\VEN_QCOM&DEV_0C98&SUBSYS_CRD08380&REV_0000\\18",
              "Status": "OK"
            },
            {
              "Name": "Qualcomm(R) I2C Bus Device",
              "Manufacturer": "Qualcomm Inc.",
              "PNPClass": "System",
              "DeviceID": "ACPI\\QCOM0C10\\1",
              "Status": "OK"
            },
            {
              "Name": "Qualcomm(R) I2C Bus Device",
              "Manufacturer": "Qualcomm Inc.",
              "PNPClass": "System",
              "DeviceID": "ACPI\\QCOM0C10\\4",
              "Status": "OK"
            },
            {
              "Name": "Qualcomm(R) I2C Bus Device",
              "Manufacturer": "Qualcomm Inc.",
              "PNPClass": "System",
              "DeviceID": "ACPI\\QCOM0C10\\5",
              "Status": "OK"
            },
            {
              "Name": "Qualcomm(R) I2C Bus Device",
              "Manufacturer": "Qualcomm Inc.",
              "PNPClass": "System",
              "DeviceID": "ACPI\\QCOM0C10\\6",
              "Status": "OK"
            },
            {
              "Name": "Qualcomm(R) I2C Bus Device",
              "Manufacturer": "Qualcomm Inc.",
              "PNPClass": "System",
              "DeviceID": "ACPI\\QCOM0C10\\8",
              "Status": "OK"
            },
            {
              "Name": "Qualcomm(R) I2C Bus Device",
              "Manufacturer": "Qualcomm Inc.",
              "PNPClass": "System",
              "DeviceID": "ACPI\\QCOM0C10\\9",
              "Status": "OK"
            },
            {
              "Name": "Qualcomm(R) Analog-to-Digital Converter Device",
              "Manufacturer": "Qualcomm Technologies, Inc.",
              "PNPClass": "System",
              "DeviceID": "ACPI\\QCOM0C11\\0",
              "Status": "OK"
            },
            {
              "Name": "Qualcomm(R) Bus Device",
              "Manufacturer": "Qualcomm Technologies, Inc.",
              "PNPClass": "System",
              "DeviceID": "ACPI\\QCOM0C16\\3",
              "Status": "OK"
            },
            {
              "Name": "Qualcomm(R) Bus Device",
              "Manufacturer": "Qualcomm Technologies, Inc.",
              "PNPClass": "System",
              "DeviceID": "ACPI\\QCOM0C16\\F",
              "Status": "OK"
            },
            {
              "Name": "Qualcomm(R) Secure Processor Subsystem Device",
              "Manufacturer": "Qualcomm Technologies, Incorporated",
              "PNPClass": "System",
              "DeviceID": "ACPI\\QCOM0C8D\\2&DABA3FF&0",
              "Status": "OK"
            },
            {
              "Name": "Qualcomm(R) SSG Secure Services Device",
              "Manufacturer": "Qualcomm",
              "PNPClass": "System",
              "DeviceID": "ACPI\\QCOM06D8\\0",
              "Status": "OK"
            },
            {
              "Name": "ACPI Processor Container Device",
              "Manufacturer": "(Standard system devices)",
              "PNPClass": "System",
              "DeviceID": "ACPI\\ACPI0010\\10",
              "Status": "OK"
            },
            {
              "Name": "ACPI Processor Container Device",
              "Manufacturer": "(Standard system devices)",
              "PNPClass": "System",
              "DeviceID": "ACPI\\ACPI0010\\11",
              "Status": "OK"
            },
            {
              "Name": "ACPI Processor Container Device",
              "Manufacturer": "(Standard system devices)",
              "PNPClass": "System",
              "DeviceID": "ACPI\\ACPI0010\\12",
              "Status": "OK"
            },
            {
              "Name": "Surface Camera Front",
              "Manufacturer": "Qualcomm Incorporated",
              "PNPClass": "Camera",
              "DeviceID": "ACPI\\VEN_OVTI&DEV_02C1&SUBSYS_MSHW0470&REV_0000\\1A",
              "Status": "OK"
            },
            {
              "Name": "Qualcomm(R) Spectra(TM) 395 SecureISP Device",
              "Manufacturer": "Qualcomm Inc.",
              "PNPClass": "System",
              "DeviceID": "ACPI\\QCOM0CCC\\19",
              "Status": "OK"
            },
            {
              "Name": "Snapdragon(R) X 10-core X1P64100 @ 3.40 GHz",
              "Manufacturer": "(Standard processor types)",
              "PNPClass": "Processor",
              "DeviceID": "ACPI\\QUALCOMM_TECHNOLOGIES_INC_-_ARMV8_(64-BIT)_FAMILY_8_MODEL_1_REVISION_201\\0",
              "Status": "OK"
            },
            {
              "Name": "Snapdragon(R) X 10-core X1P64100 @ 3.40 GHz",
              "Manufacturer": "(Standard processor types)",
              "PNPClass": "Processor",
              "DeviceID": "ACPI\\QUALCOMM_TECHNOLOGIES_INC_-_ARMV8_(64-BIT)_FAMILY_8_MODEL_1_REVISION_201\\1",
              "Status": "OK"
            },
            {
              "Name": "Snapdragon(R) X 10-core X1P64100 @ 3.40 GHz",
              "Manufacturer": "(Standard processor types)",
              "PNPClass": "Processor",
              "DeviceID": "ACPI\\QUALCOMM_TECHNOLOGIES_INC_-_ARMV8_(64-BIT)_FAMILY_8_MODEL_1_REVISION_201\\2",
              "Status": "OK"
            },
            {
              "Name": "Snapdragon(R) X 10-core X1P64100 @ 3.40 GHz",
              "Manufacturer": "(Standard processor types)",
              "PNPClass": "Processor",
              "DeviceID": "ACPI\\QUALCOMM_TECHNOLOGIES_INC_-_ARMV8_(64-BIT)_FAMILY_8_MODEL_1_REVISION_201\\3",
              "Status": "OK"
            },
            {
              "Name": "Snapdragon(R) X 10-core X1P64100 @ 3.40 GHz",
              "Manufacturer": "(Standard processor types)",
              "PNPClass": "Processor",
              "DeviceID": "ACPI\\QUALCOMM_TECHNOLOGIES_INC_-_ARMV8_(64-BIT)_FAMILY_8_MODEL_1_REVISION_201\\4",
              "Status": "OK"
            },
            {
              "Name": "Snapdragon(R) X 10-core X1P64100 @ 3.40 GHz",
              "Manufacturer": "(Standard processor types)",
              "PNPClass": "Processor",
              "DeviceID": "ACPI\\QUALCOMM_TECHNOLOGIES_INC_-_ARMV8_(64-BIT)_FAMILY_8_MODEL_1_REVISION_201\\5",
              "Status": "OK"
            },
            {
              "Name": "Snapdragon(R) X 10-core X1P64100 @ 3.40 GHz",
              "Manufacturer": "(Standard processor types)",
              "PNPClass": "Processor",
              "DeviceID": "ACPI\\QUALCOMM_TECHNOLOGIES_INC_-_ARMV8_(64-BIT)_FAMILY_8_MODEL_1_REVISION_201\\6",
              "Status": "OK"
            },
            {
              "Name": "Snapdragon(R) X 10-core X1P64100 @ 3.40 GHz",
              "Manufacturer": "(Standard processor types)",
              "PNPClass": "Processor",
              "DeviceID": "ACPI\\QUALCOMM_TECHNOLOGIES_INC_-_ARMV8_(64-BIT)_FAMILY_8_MODEL_1_REVISION_201\\8",
              "Status": "OK"
            },
            {
              "Name": "Snapdragon(R) X 10-core X1P64100 @ 3.40 GHz",
              "Manufacturer": "(Standard processor types)",
              "PNPClass": "Processor",
              "DeviceID": "ACPI\\QUALCOMM_TECHNOLOGIES_INC_-_ARMV8_(64-BIT)_FAMILY_8_MODEL_1_REVISION_201\\9",
              "Status": "OK"
            },
            {
              "Name": "Snapdragon(R) X 10-core X1P64100 @ 3.40 GHz",
              "Manufacturer": "(Standard processor types)",
              "PNPClass": "Processor",
              "DeviceID": "ACPI\\QUALCOMM_TECHNOLOGIES_INC_-_ARMV8_(64-BIT)_FAMILY_8_MODEL_1_REVISION_201\\A",
              "Status": "OK"
            },
            {
              "Name": "Qualcomm(R) Aqstic(TM)",
              "Manufacturer": "(Standard system devices)",
              "PNPClass": "MEDIA",
              "DeviceID": "ADCM\\VEN_QCOM&DEV_0CC1&SUBSYS_MSHW0462&REV_0A\\4&2A777998&0&0",
              "Status": "OK"
            },
            {
              "Name": "Qualcomm(R) Aqstic(TM) ACX Audio Device",
              "Manufacturer": "QUALCOMM",
              "PNPClass": "MEDIA",
              "DeviceID": "ADCM\\VEN_QCOM&DEV_0CE6&SUBSYS_MSHW0462&REV_0A\\4&2A777998&0&1",
              "Status": "OK"
            },
            {
              "Name": "Qualcomm(R) Aqstic(TM) Audio DSP and Calibration Manager",
              "Manufacturer": "Qualcomm Technologies, Inc.",
              "PNPClass": "System",
              "DeviceID": "ADSP\\VEN_QCOM&DEV_0C22&SUBSYS_MSHW0462&REV_0A\\3&D1F2880&0&0",
              "Status": "OK"
            },
            {
              "Name": "Surface Camera AVStream Device",
              "Manufacturer": "Qualcomm",
              "PNPClass": "Camera",
              "DeviceID": "DISPLAY\\QCOM_AVSTREAM_8380\\3&5E9CBA8&0&UID32768",
              "Status": "OK"
            },
            {
              "Name": "Qualcomm Temperature Sensor Device",
              "Manufacturer": "Qualcomm Inc.",
              "PNPClass": "System",
              "DeviceID": "ACPI\\QCOM0D01\\0",
              "Status": "OK"
            },
            {
              "Name": "Qualcomm Temperature Sensor Device",
              "Manufacturer": "Qualcomm Inc.",
              "PNPClass": "System",
              "DeviceID": "ACPI\\QCOM0D01\\1",
              "Status": "OK"
            },
            {
              "Name": "Qualcomm(R) Aqstic(TM) BT ACX Transport Device",
              "Manufacturer": "QUALCOMM",
              "PNPClass": "Bluetooth",
              "DeviceID": "ACPI\\QCOM0D04\\0",
              "Status": "OK"
            },
            {
              "Name": "Qualcomm(R) USB3(TM) eXtensible Host Controller",
              "Manufacturer": "Generic USB xHCI Host Controller",
              "PNPClass": "USB",
              "DeviceID": "ACPI\\QCOM0D08\\3",
              "Status": "OK"
            },
            {
              "Name": "Qualcomm(R) Protection Domain Service Registry Device",
              "Manufacturer": "Qualcomm Incorporated",
              "PNPClass": "System",
              "DeviceID": "ACPI\\VEN_QCOM&DEV_06DF&SUBSYS_CRD08380&REV_0008\\2&DABA3FF&0",
              "Status": "OK"
            },
            {
              "Name": "Qualcomm(R) USB4(TM) Host Router Bus",
              "Manufacturer": "Qualcomm Technologies, Inc.",
              "PNPClass": "System",
              "DeviceID": "ACPI\\QCOM0C6D\\2&DABA3FF&0",
              "Status": "OK"
            },
            {
              "Name": "Qualcomm Temperature Sensor Device",
              "Manufacturer": "Qualcomm Inc.",
              "PNPClass": "System",
              "DeviceID": "ACPI\\QCOM0CBF\\1",
              "Status": "OK"
            },
            {
              "Name": "Qualcomm(R) Power Management FGBCL Device",
              "Manufacturer": "Qualcomm Inc.",
              "PNPClass": "System",
              "DeviceID": "ACPI\\QCOM0C77\\2&DABA3FF&0",
              "Status": "OK"
            },
            {
              "Name": "Qualcomm(R) ACPI Bridge Device",
              "Manufacturer": "Qualcomm Technologies Inc.",
              "PNPClass": "System",
              "DeviceID": "ACPI\\QCOM0427\\0",
              "Status": "OK"
            },
            {
              "Name": "Qualcomm(R) System Manager PMIC GPIO Framework Extension Device",
              "Manufacturer": "Qualcomm Inc.",
              "PNPClass": "System",
              "DeviceID": "ACPI\\QCOM0C2D\\1",
              "Status": "OK"
            },
            {
              "Name": "Qualcomm(R) Secure Kernel Extension",
              "Manufacturer": "Qualcomm Incorporated",
              "PNPClass": "System",
              "DeviceID": "ACPI\\QCOM0CAC\\2&DABA3FF&0",
              "Status": "OK"
            },
            {
              "Name": "Qualcomm(R) Peripheral Image Loader Device",
              "Manufacturer": "Qualcomm Incorporated",
              "PNPClass": "System",
              "DeviceID": "ACPI\\VEN_QCOM&DEV_06E0&SUBSYS_CRD08380&REV_0008\\2&DABA3FF&0",
              "Status": "OK"
            },
            {
              "Name": "Qualcomm System Cache Device",
              "Manufacturer": "Qualcomm Inc.",
              "PNPClass": "System",
              "DeviceID": "ACPI\\VEN_QCOM&DEV_0C83&SUBSYS_CRD08380&REV_0002\\2&DABA3FF&0",
              "Status": "OK"
            },
            {
              "Name": "Qualcomm(R) USB Type-C Device",
              "Manufacturer": "Qualcomm Technologies, Inc.",
              "PNPClass": "USBDevice",
              "DeviceID": "ACPI\\QCOM0CA4\\2&DABA3FF&0",
              "Status": "OK"
            },
            {
              "Name": "Qualcomm Audio Proxy APO",
              "Manufacturer": "QUALCOMM",
              "PNPClass": "AudioProcessingObject",
              "DeviceID": "SWD\\DRIVERENUM\\{F5E603DE-5801-48AD-83F2-9E0666B0A340}#PROXYAPO&6&11D9B152&0",
              "Status": "OK"
            },
            {
              "Name": "Qualcomm FastConnect 7800 Dual Bluetooth Adapter",
              "Manufacturer": "Qualcomm Incorporated",
              "PNPClass": "Bluetooth",
              "DeviceID": "QCA_SHB\\UART_H4_HMT\\3&2DBA09C2&0&4097",
              "Status": "OK"
            },
            {
              "Name": "Qualcomm(R) SOC Partition Interface Device",
              "Manufacturer": "Qualcomm Technologies Inc.",
              "PNPClass": "System",
              "DeviceID": "ACPI\\QCOM06DD\\2&DABA3FF&0",
              "Status": "OK"
            },
            {
              "Name": "Qualcomm Shared Memory Port Device",
              "Manufacturer": "Qualcomm Inc.",
              "PNPClass": "System",
              "DeviceID": "ACPI\\QCOM0C84\\0",
              "Status": "OK"
            },
            {
              "Name": "Qualcomm(R) Bus Device",
              "Manufacturer": "Qualcomm Technologies, Inc.",
              "PNPClass": "System",
              "DeviceID": "ACPI\\QCOM0C88\\0",
              "Status": "OK"
            },
            {
              "Name": "Qualcomm(R) Bus Device",
              "Manufacturer": "Qualcomm Technologies, Inc.",
              "PNPClass": "System",
              "DeviceID": "ACPI\\QCOM0C88\\1",
              "Status": "OK"
            },
            {
              "Name": "Qualcomm(R) Bus Device",
              "Manufacturer": "Qualcomm Technologies, Inc.",
              "PNPClass": "System",
              "DeviceID": "ACPI\\QCOM0C88\\2",
              "Status": "OK"
            },
            {
              "Name": "Qualcomm(R) DCF Device",
              "Manufacturer": "Qualcomm",
              "PNPClass": "System",
              "DeviceID": "ACPI\\QCOM06E7\\2&DABA3FF&0",
              "Status": "OK"
            },
            {
              "Name": "Qualcomm Subsystem Dependency Device",
              "Manufacturer": "Qualcomm Technologies, Incorporated",
              "PNPClass": "System",
              "DeviceID": "ACPI\\QCOM0C20\\2&DABA3FF&0",
              "Status": "OK"
            },
            {
              "Name": "Qualcomm(R) NSP0 CDSP SW Thermal Device",
              "Manufacturer": "Qualcomm Technologies, Incorporated",
              "PNPClass": "System",
              "DeviceID": "ACPI\\QCOM0CC3\\2&DABA3FF&0",
              "Status": "OK"
            },
            {
              "Name": "Qualcomm(R) Spectra(TM) 695 ISP Camera Flash Device",
              "Manufacturer": "Qualcomm Inc.",
              "PNPClass": "Camera",
              "DeviceID": "ACPI\\QCOM0C27\\19",
              "Status": "OK"
            },
            {
              "Name": "Snapdragon(R) X Plus - X1P64100 - Qualcomm(R) Hexagon(TM) NPU",
              "Manufacturer": "Qualcomm Technologies, Inc.",
              "PNPClass": "ComputeAccelerator",
              "DeviceID": "ACPI\\QCOM0D0A\\2&DABA3FF&0",
              "Status": "OK"
            },
            {
              "Name": "Qualcomm(R) SPI Bus Device",
              "Manufacturer": "Qualcomm Technologies, Inc.",
              "PNPClass": "System",
              "DeviceID": "ACPI\\QCOM0C0E\\14",
              "Status": "OK"
            },
            {
              "Name": "Qualcomm(R) Slimbus Device",
              "Manufacturer": "Qualcomm Inc.",
              "PNPClass": "System",
              "DeviceID": "ADSP\\VEN_QCOM&DEV_0C0F&SUBSYS_MSHW0462&REV_0A\\3&D1F2880&0&0",
              "Status": "OK"
            },
            {
              "Name": "ACPI Processor Container Device",
              "Manufacturer": "(Standard system devices)",
              "PNPClass": "System",
              "DeviceID": "ACPI\\ACPI0010\\100000",
              "Status": "OK"
            },
            {
              "Name": "Qualcomm ASD Audio Proxy APO",
              "Manufacturer": "QUALCOMM",
              "PNPClass": "AudioProcessingObject",
              "DeviceID": "SWD\\DRIVERENUM\\ASDPROXYAPO&6&1288D27E&0",
              "Status": "OK"
            },
            {
              "Name": "Qualcomm(R) Wlan Thermal Mitigation Device",
              "Manufacturer": "Qualcomm Technologies, Incorporated",
              "PNPClass": "System",
              "DeviceID": "ACPI\\QCOM0CD5\\2&DABA3FF&0",
              "Status": "OK"
            },
            {
              "Name": "Qualcomm Power Engine Plug-in Device",
              "Manufacturer": "Qualcomm Inc.",
              "PNPClass": "System",
              "DeviceID": "ACPI\\VEN_QCOM&DEV_0C17&SUBSYS_CRD08380&REV_008A\\2&DABA3FF&0",
              "Status": "OK"
            },
            {
              "Name": "Qualcomm(R) All-Ways Aware(TM) Sensor Platform Device - Keyboard",
              "Manufacturer": "Qualcomm",
              "PNPClass": "Sensor",
              "DeviceID": "ACPI\\MSHW0474\\2&DABA3FF&0",
              "Status": "OK"
            },
            {
              "Name": "Qualcomm(R) Data IPC Router Device",
              "Manufacturer": "Qualcomm Incorporated",
              "PNPClass": "System",
              "DeviceID": "ACPI\\QCOM0C0D\\2&DABA3FF&0",
              "Status": "OK"
            },
            {
              "Name": "Qualcomm(R) Audio DSP Subsystem Device",
              "Manufacturer": "Qualcomm Technologies, Incorporated",
              "PNPClass": "System",
              "DeviceID": "ACPI\\VEN_QCOM&DEV_0C1B&SUBSYS_MSHW0462&REV_000A\\2&DABA3FF&0",
              "Status": "OK"
            },
            {
              "Name": "Qualcomm Temperature Sensor Device",
              "Manufacturer": "Qualcomm Inc.",
              "PNPClass": "System",
              "DeviceID": "ACPI\\QCOM0C91\\0",
              "Status": "OK"
            },
            {
              "Name": "Qualcomm(R) PCIe Platform Extension Plugin",
              "Manufacturer": "(Standard system devices)",
              "PNPClass": "System",
              "DeviceID": "ACPI\\QCOM0C96\\0",
              "Status": "OK"
            },
            {
              "Name": "Qualcomm(R) TFTP Device",
              "Manufacturer": "Qualcomm Technologies, Incorporated",
              "PNPClass": "System",
              "DeviceID": "ACPI\\QCOM06DC\\2&DABA3FF&0",
              "Status": "OK"
            },
            {
              "Name": "Speakers (Qualcomm(R) Aqstic(TM) Audio Adapter Device)",
              "Manufacturer": "Microsoft",
              "PNPClass": "AudioEndpoint",
              "DeviceID": "SWD\\MMDEVAPI\\{0.0.0.00000000}.{F17D4AE2-7763-497B-99CD-17EDEB4686C7}",
              "Status": "OK"
            },
            {
              "Name": "Qualcomm(R) Spectra(TM) 695 ISP Camera Device",
              "Manufacturer": "Qualcomm Inc.",
              "PNPClass": "Camera",
              "DeviceID": "ACPI\\VEN_QCOM&DEV_0C25&SUBSYS_CRD08380&REV_0000\\16",
              "Status": "OK"
            },
            {
              "Name": "Qualcomm(R) Compute DSP Subsystem Device",
              "Manufacturer": "Qualcomm Technologies, Incorporated",
              "PNPClass": "System",
              "DeviceID": "ACPI\\QCOM0CB0\\2&DABA3FF&0",
              "Status": "OK"
            },
            {
              "Name": "Qualcomm(R) System Manager SCM Device",
              "Manufacturer": "Qualcomm Inc.",
              "PNPClass": "System",
              "DeviceID": "ACPI\\QCOM04DD\\0",
              "Status": "OK"
            },
            {
              "Name": "Qualcomm(R) System Manager Device",
              "Manufacturer": "Qualcomm Inc.",
              "PNPClass": "System",
              "DeviceID": "ACPI\\QCOM04DE\\0",
              "Status": "OK"
            },
            {
              "Name": "Qualcomm(R) Bluetooth UART Transport Driver",
              "Manufacturer": "Qualcomm Atheros Communications Inc.",
              "PNPClass": "Bluetooth",
              "DeviceID": "ACPI\\QCOM0C6B\\2&DABA3FF&0",
              "Status": "OK"
            },
            {
              "Name": "Qualcomm(R) Power Management PMIC Apps Device",
              "Manufacturer": "Qualcomm Inc.",
              "PNPClass": "System",
              "DeviceID": "ACPI\\QCOM0C2C\\2&DABA3FF&0",
              "Status": "OK"
            },
            {
              "Name": "Qualcomm(R) Reset Power Error Notifier Device",
              "Manufacturer": "Qualcomm Incorporated",
              "PNPClass": "System",
              "DeviceID": "ACPI\\QCOM06E1\\2&DABA3FF&0",
              "Status": "OK"
            },
            {
              "Name": "Qualcomm(R) EVA Device",
              "Manufacturer": "Qualcomm Inc.",
              "PNPClass": "System",
              "DeviceID": "ACPI\\QCOM0CF1\\1E",
              "Status": "OK"
            },
            {
              "Name": "Qualcomm(R) Aqstic(TM) Audio Adapter Device",
              "Manufacturer": "QUALCOMM",
              "PNPClass": "MEDIA",
              "DeviceID": "AUCD\\VEN_QCOM&DEV_0C29&SUBSYS_MSHW0462&REV_0A\\5&2A32BB88&0&0",
              "Status": "OK"
            },
            {
              "Name": "Qualcomm Secure Processor Device",
              "Manufacturer": "Qualcomm Technologies Inc.",
              "PNPClass": "System",
              "DeviceID": "ACPI\\QCOM0C87\\2&DABA3FF&0",
              "Status": "OK"
            },
            {
              "Name": "Qualcomm Audio Proxy APO",
              "Manufacturer": "QUALCOMM",
              "PNPClass": "AudioProcessingObject",
              "DeviceID": "SWD\\DRIVERENUM\\PROXYAPO&6&11D9B152&0",
              "Status": "OK"
            },
            {
              "Name": "Qualcomm(R) Audio RPC Daemon Device",
              "Manufacturer": "Qualcomm Technologies, Inc.",
              "PNPClass": "System",
              "DeviceID": "ACPI\\QCOM0C82\\2&DABA3FF&0",
              "Status": "OK"
            },
            {
              "Name": "Qualcomm(R) All-Ways Aware(TM) Sensor Platform Device - Display",
              "Manufacturer": "Qualcomm",
              "PNPClass": "Sensor",
              "DeviceID": "ACPI\\MSHW0473\\2&DABA3FF&0",
              "Status": "OK"
            },
            {
              "Name": "Qualcomm(R) System Manager Secapp Device",
              "Manufacturer": "Qualcomm Inc.",
              "PNPClass": "System",
              "DeviceID": "ACPI\\QCOM0CE4\\0",
              "Status": "OK"
            },
            {
              "Name": "Qualcomm(R) Display Services",
              "Manufacturer": "Qualcomm Incorporated",
              "PNPClass": "SoftwareComponent",
              "DeviceID": "SWD\\DRIVERENUM\\{17712798-2541-1623-4249-157167142812}#QCDPPSLIBRARY&3&5E9CBA8&0",
              "Status": "OK"
            },
            {
              "Name": "Qualcomm ASD Audio Proxy APO",
              "Manufacturer": "QUALCOMM",
              "PNPClass": "AudioProcessingObject",
              "DeviceID": "SWD\\DRIVERENUM\\ASDPROXYAPO&5&24050019&0",
              "Status": "OK"
            },
            {
              "Name": "Qualcomm(R) FastConnect(TM) 7800 Mobile Connectivity System",
              "Manufacturer": "Qualcomm Communications Inc.",
              "PNPClass": "Net",
              "DeviceID": "PCI\\VEN_17CB&DEV_1107&SUBSYS_110717CB&REV_01\\4&CDACDEC&0&0000",
              "Status": "OK"
            },
            {
              "Name": "Surface Camera Platform Device",
              "Manufacturer": "Qualcomm Inc.",
              "PNPClass": "Camera",
              "DeviceID": "ACPI\\QCOM0C32\\1B",
              "Status": "OK"
            },
            {
              "Name": "Microsoft Passport Container Enumeration Bus",
              "Manufacturer": "Microsoft",
              "PNPClass": "SoftwareDevice",
              "DeviceID": "SWD\\SCDEVICEENUMBUS\\1",
              "Status": "OK"
            },
            {
              "Name": "Qualcomm(R) Power Management PMIC Device",
              "Manufacturer": "Qualcomm Inc.",
              "PNPClass": "System",
              "DeviceID": "ACPI\\QCOM0C2B\\2&DABA3FF&0",
              "Status": "OK"
            },
            {
              "Name": "Qualcomm(R) Subsys Base Thermal Mitigation Device",
              "Manufacturer": "Qualcomm Technologies, Incorporated",
              "PNPClass": "System",
              "DeviceID": "ACPI\\QCOM06E5\\2&DABA3FF&0",
              "Status": "OK"
            },
            {
              "Name": "Qualcomm Temperature Sensor Device",
              "Manufacturer": "Qualcomm Inc.",
              "PNPClass": "System",
              "DeviceID": "ACPI\\QCOM0C58\\0",
              "Status": "OK"
            },
            {
              "Name": "Qualcomm Temperature Sensor Device",
              "Manufacturer": "Qualcomm Inc.",
              "PNPClass": "System",
              "DeviceID": "ACPI\\QCOM0C58\\1",
              "Status": "OK"
            },
            {
              "Name": "Qualcomm Temperature Sensor Device",
              "Manufacturer": "Qualcomm Inc.",
              "PNPClass": "System",
              "DeviceID": "ACPI\\QCOM0C59\\0",
              "Status": "OK"
            },
            {
              "Name": "Qualcomm Temperature Sensor Device",
              "Manufacturer": "Qualcomm Inc.",
              "PNPClass": "System",
              "DeviceID": "ACPI\\QCOM0C59\\1",
              "Status": "OK"
            },
            {
              "Name": "Qualcomm(R) Adreno(TM) X1-85 GPU",
              "Manufacturer": "Qualcomm Incorporated",
              "PNPClass": "Display",
              "DeviceID": "ACPI\\VEN_QCOM&DEV_0C36&SUBSYS_IDP08380&REV_008A\\0",
              "Status": "OK"
            },
            {
              "Name": "Qualcomm ADC Temperature Monitor Device",
              "Manufacturer": "Qualcomm Inc.",
              "PNPClass": "System",
              "DeviceID": "ACPI\\QCOM0C5E\\0",
              "Status": "OK"
            },
            {
              "Name": "Qualcomm ADC Temperature Monitor Device",
              "Manufacturer": "Qualcomm Inc.",
              "PNPClass": "System",
              "DeviceID": "ACPI\\QCOM0C5F\\0",
              "Status": "OK"
            },
            {
              "Name": "Qualcomm(R) Power Management PMIC GLink Device",
              "Manufacturer": "Qualcomm Incorporated",
              "PNPClass": "System",
              "DeviceID": "ACPI\\QCOM0C8E\\2&DABA3FF&0",
              "Status": "OK"
            },
            {
              "Name": "Qualcomm CPU Core parking Policy Device",
              "Manufacturer": "Qualcomm Inc.",
              "PNPClass": "System",
              "DeviceID": "ACPI\\QCOM0CF2\\0",
              "Status": "OK"
            },
            {
              "Name": "Qualcomm CPU DCVS Policy Device",
              "Manufacturer": "Qualcomm Inc.",
              "PNPClass": "System",
              "DeviceID": "ACPI\\QCOM0CF3\\0",
              "Status": "OK"
            },
            {
              "Name": "Qualcomm CPU DCVS Cluster 0 Policy Device",
              "Manufacturer": "Qualcomm Inc.",
              "PNPClass": "System",
              "DeviceID": "ACPI\\QCOM0CF4\\0",
              "Status": "OK"
            },
            {
              "Name": "Qualcomm(R) Inter Processor Communication Interrupt Device",
              "Manufacturer": "Qualcomm Incorporated",
              "PNPClass": "System",
              "DeviceID": "ACPI\\QCOM06C2\\0",
              "Status": "OK"
            },
            {
              "Name": "Qualcomm CPU DCVS Cluster 1 Policy Device",
              "Manufacturer": "Qualcomm Inc.",
              "PNPClass": "System",
              "DeviceID": "ACPI\\QCOM0CF5\\0",
              "Status": "OK"
            },
            {
              "Name": "Qualcomm CPU DCVS Cluster 2 Policy Device",
              "Manufacturer": "Qualcomm Inc.",
              "PNPClass": "System",
              "DeviceID": "ACPI\\QCOM0CF6\\0",
              "Status": "OK"
            },
            {
              "Name": "Qualcomm GPU limits Policy Device",
              "Manufacturer": "Qualcomm Inc.",
              "PNPClass": "System",
              "DeviceID": "ACPI\\QCOM0CF7\\0",
              "Status": "OK"
            },
            {
              "Name": "Qualcomm NSP limits Policy Device",
              "Manufacturer": "Qualcomm Inc.",
              "PNPClass": "System",
              "DeviceID": "ACPI\\QCOM0CF8\\0",
              "Status": "OK"
            },
            {
              "Name": "Qualcomm Modem skin Policy Device",
              "Manufacturer": "Qualcomm Inc.",
              "PNPClass": "System",
              "DeviceID": "ACPI\\QCOM0CF9\\0",
              "Status": "OK"
            },
            {
              "Name": "Surface IR Camera Front",
              "Manufacturer": "Qualcomm Incorporated",
              "PNPClass": "Camera",
              "DeviceID": "ACPI\\VEN_SMO&DEV_55F0&SUBSYS_MSHW0472&REV_0000\\1C",
              "Status": "OK"
            },
            {
              "Name": "Qualcomm(R) Bam Bus Device",
              "Manufacturer": "Qualcomm Inc.",
              "PNPClass": "System",
              "DeviceID": "ACPI\\QCOM0C0A\\1",
              "Status": "OK"
            },
            {
              "Name": "Qualcomm(R) Bam Bus Device",
              "Manufacturer": "Qualcomm Inc.",
              "PNPClass": "System",
              "DeviceID": "ACPI\\QCOM0C0A\\5",
              "Status": "OK"
            },
            {
              "Name": "Qualcomm Modem BCL Policy Device",
              "Manufacturer": "Qualcomm Inc.",
              "PNPClass": "System",
              "DeviceID": "ACPI\\QCOM0CFB\\0",
              "Status": "OK"
            },
            {
              "Name": "Qualcomm(R) SPMI Bus Device",
              "Manufacturer": "Qualcomm Inc.",
              "PNPClass": "System",
              "DeviceID": "ACPI\\QCOM0C0B\\1",
              "Status": "OK"
            },
            {
              "Name": "Qualcomm WLAN Limits Policy Device",
              "Manufacturer": "Qualcomm Inc.",
              "PNPClass": "System",
              "DeviceID": "ACPI\\QCOM0CFC\\0",
              "Status": "OK"
            },
            {
              "Name": "Qualcomm(R) System Manager GPIO Device",
              "Manufacturer": "Qualcomm Inc.",
              "PNPClass": "System",
              "DeviceID": "ACPI\\QCOM0C0C\\0",
              "Status": "OK"
            },
            {
              "Name": "Qualcomm(R) SPI Bus Device",
              "Manufacturer": "Qualcomm Technologies, Inc.",
              "PNPClass": "System",
              "DeviceID": "ACPI\\QCOM0C0E\\B",
              "Status": "OK"
            },
            {
              "Name": "Qualcomm(R) IOMMU Device",
              "Manufacturer": "Qualcomm Inc.",
              "PNPClass": "System",
              "DeviceID": "ACPI\\QCOM068F\\0",
              "Status": "OK"
            },
            {
              "Name": "Qualcomm(R) IOMMU Device",
              "Manufacturer": "Qualcomm Inc.",
              "PNPClass": "System",
              "DeviceID": "ACPI\\QCOM068F\\1",
              "Status": "OK"
            },
            {
              "Name": "Qualcomm(R) FastRPC Device",
              "Manufacturer": "Qualcomm Technologies, Inc.",
              "PNPClass": "System",
              "DeviceID": "ACPI\\QCOM0C5C\\2&DABA3FF&0",
              "Status": "OK"
            },
            {
              "Name": "Qualcomm System MMU Device",
              "Manufacturer": "Qualcomm Inc.",
              "PNPClass": "System",
              "DeviceID": "ACPI\\VEN_QCOM&DEV_0C09&SUBSYS_CRD08380&REV_0002\\0",
              "Status": "OK"
            },
            {
              "Name": "Qualcomm System MMU Device",
              "Manufacturer": "Qualcomm Inc.",
              "PNPClass": "System",
              "DeviceID": "ACPI\\VEN_QCOM&DEV_0C09&SUBSYS_CRD08380&REV_0002\\1",
              "Status": "OK"
            },
            {
              "Name": "Qualcomm(R) Spectra(TM) 695 ISP Camera JPEG Encoder Device",
              "Manufacturer": "Qualcomm",
              "PNPClass": "Camera",
              "DeviceID": "ACPI\\QCOM0C33\\17",
              "Status": "OK"
            },
            {
              "Name": "Qualcomm(R) Aqstic(TM) ACX Static Endpoints Audio Device",
              "Manufacturer": "QUALCOMM",
              "PNPClass": "MEDIA",
              "DeviceID": "QCASD\\STATICENDPOINTDEVICE0\\5&24050019&0&0",
              "Status": "OK"
            },
            {
              "Name": "Qualcomm(R) Bus Device",
              "Manufacturer": "Qualcomm Technologies, Inc.",
              "PNPClass": "System",
              "DeviceID": "ACPI\\QCOM0C16\\16",
              "Status": "OK"
            },
            {
              "Name": "Qualcomm ADC Temperature Monitor Device",
              "Manufacturer": "Qualcomm Inc.",
              "PNPClass": "System",
              "DeviceID": "ACPI\\QCOM0C60\\0",
              "Status": "OK"
            },
            {
              "Name": "Qualcomm ADC Temperature Monitor Device",
              "Manufacturer": "Qualcomm Inc.",
              "PNPClass": "System",
              "DeviceID": "ACPI\\QCOM0C61\\0",
              "Status": "OK"
            },
            {
              "Name": "Qualcomm ADC Temperature Monitor Device",
              "Manufacturer": "Qualcomm Inc.",
              "PNPClass": "System",
              "DeviceID": "ACPI\\QCOM0C62\\0",
              "Status": "OK"
            },
            {
              "Name": "Qualcomm ADC Temperature Monitor Device",
              "Manufacturer": "Qualcomm Inc.",
              "PNPClass": "System",
              "DeviceID": "ACPI\\QCOM0C63\\0",
              "Status": "OK"
            },
            {
              "Name": "Qualcomm ADC Temperature Monitor Device",
              "Manufacturer": "Qualcomm Inc.",
              "PNPClass": "System",
              "DeviceID": "ACPI\\QCOM0C64\\0",
              "Status": "OK"
            },
            {
              "Name": "Qualcomm(R) System Manager Device",
              "Manufacturer": "Qualcomm",
              "PNPClass": "System",
              "DeviceID": "ACPI\\QCOM0CA8\\0",
              "Status": "OK"
            },
            {
              "Name": "Qualcomm(R) System Manager Device",
              "Manufacturer": "Qualcomm Incorporated",
              "PNPClass": "System",
              "DeviceID": "ACPI\\QCOM0C2F\\2&DABA3FF&0",
              "Status": "OK"
            }
          ],
          "pnp_candidates_raw": {
            "cmd": [
              "powershell",
              "-NoProfile",
              "-ExecutionPolicy",
              "Bypass",
              "-Command",
              "Get-CimInstance Win32_PnPEntity | Where-Object { $_.Name -match 'Qualcomm|Hexagon|NPU|Neural|AI|HTP|QNN|Snapdragon' -or $_.Manufacturer -match 'Qualcomm' } | Select-Object Name,Manufacturer,PNPClass,DeviceID,Status | ConvertTo-Json -Compress"
            ],
            "rc": 0,
            "stdout": "[{\"Name\":\"Qualcomm Temperature Sensor Device\",\"Manufacturer\":\"Qualcomm Inc.\",\"PNPClass\":\"System\",\"DeviceID\":\"ACPI\\\\QCOM0C5A\\\\64\",\"Status\":\"OK\"},{\"Name\":\"Microphone Array (Qualcomm(R) Aqstic(TM) ACX Static Endpoints Audio Device)\",\"Manufacturer\":\"Microsoft\",\"PNPClass\":\"AudioEndpoint\",\"DeviceID\":\"SWD\\\\MMDEVAPI\\\\{0.0.1.00000000}.{084B9CB5-D60F-4FF7-8865-0C61D7475AE2}\",\"Status\":\"OK\"},{\"Name\":\"Qualcomm(R) Spectra(TM) 695 ISP Camera MipiCsi Device\",\"Manufacturer\":\"Qualcomm Inc.\",\"PNPClass\":\"Camera\",\"DeviceID\":\"ACPI\\\\VEN_QCOM\\u0026DEV_0C98\\u0026SUBSYS_CRD08380\\u0026REV_0000\\\\18\",\"Status\":\"OK\"},{\"Name\":\"Qualcomm(R) I2C Bus Device\",\"Manufacturer\":\"Qualcomm Inc.\",\"PNPClass\":\"System\",\"DeviceID\":\"ACPI\\\\QCOM0C10\\\\1\",\"Status\":\"OK\"},{\"Name\":\"Qualcomm(R) I2C Bus Device\",\"Manufacturer\":\"Qualcomm Inc.\",\"PNPClass\":\"System\",\"DeviceID\":\"ACPI\\\\QCOM0C10\\\\4\",\"Status\":\"OK\"},{\"Name\":\"Qualcomm(R) I2C Bus Device\",\"Manufacturer\":\"Qualcomm Inc.\",\"PNPClass\":\"System\",\"DeviceID\":\"ACPI\\\\QCOM0C10\\\\5\",\"Status\":\"OK\"},{\"Name\":\"Qualcomm(R) I2C Bus Device\",\"Manufacturer\":\"Qualcomm Inc.\",\"PNPClass\":\"System\",\"DeviceID\":\"ACPI\\\\QCOM0C10\\\\6\",\"Status\":\"OK\"},{\"Name\":\"Qualcomm(R) I2C Bus Device\",\"Manufacturer\":\"Qualcomm Inc.\",\"PNPClass\":\"System\",\"DeviceID\":\"ACPI\\\\QCOM0C10\\\\8\",\"Status\":\"OK\"},{\"Name\":\"Qualcomm(R) I2C Bus Device\",\"Manufacturer\":\"Qualcomm Inc.\",\"PNPClass\":\"System\",\"DeviceID\":\"ACPI\\\\QCOM0C10\\\\9\",\"Status\":\"OK\"},{\"Name\":\"Qualcomm(R) Analog-to-Digital Converter Device\",\"Manufacturer\":\"Qualcomm Technologies, Inc.\",\"PNPClass\":\"System\",\"DeviceID\":\"ACPI\\\\QCOM0C11\\\\0\",\"Status\":\"OK\"},{\"Name\":\"Qualcomm(R) Bus Device\",\"Manufacturer\":\"Qualcomm Technologies, Inc.\",\"PNPClass\":\"System\",\"DeviceID\":\"ACPI\\\\QCOM0C16\\\\3\",\"Status\":\"OK\"},{\"Name\":\"Qualcomm(R) Bus Device\",\"Manufacturer\":\"Qualcomm Technologies, Inc.\",\"PNPClass\":\"System\",\"DeviceID\":\"ACPI\\\\QCOM0C16\\\\F\",\"Status\":\"OK\"},{\"Name\":\"Qualcomm(R) Secure Processor Subsystem Device\",\"Manufacturer\":\"Qualcomm Technologies, Incorporated\",\"PNPClass\":\"System\",\"DeviceID\":\"ACPI\\\\QCOM0C8D\\\\2\\u0026DABA3FF\\u00260\",\"Status\":\"OK\"},{\"Name\":\"Qualcomm(R) SSG Secure Services Device\",\"Manufacturer\":\"Qualcomm\",\"PNPClass\":\"System\",\"DeviceID\":\"ACPI\\\\QCOM06D8\\\\0\",\"Status\":\"OK\"},{\"Name\":\"ACPI Processor Container Device\",\"Manufacturer\":\"(Standard system devices)\",\"PNPClass\":\"System\",\"DeviceID\":\"ACPI\\\\ACPI0010\\\\10\",\"Status\":\"OK\"},{\"Name\":\"ACPI Processor Container Device\",\"Manufacturer\":\"(Standard system devices)\",\"PNPClass\":\"System\",\"DeviceID\":\"ACPI\\\\ACPI0010\\\\11\",\"Status\":\"OK\"},{\"Name\":\"ACPI Processor Container Device\",\"Manufacturer\":\"(Standard system devices)\",\"PNPClass\":\"System\",\"DeviceID\":\"ACPI\\\\ACPI0010\\\\12\",\"Status\":\"OK\"},{\"Name\":\"Surface Camera Front\",\"Manufacturer\":\"Qualcomm Incorporated\",\"PNPClass\":\"Camera\",\"DeviceID\":\"ACPI\\\\VEN_OVTI\\u0026DEV_02C1\\u0026SUBSYS_MSHW0470\\u0026REV_0000\\\\1A\",\"Status\":\"OK\"},{\"Name\":\"Qualcomm(R) Spectra(TM) 395 SecureISP Device\",\"Manufacturer\":\"Qualcomm Inc.\",\"PNPClass\":\"System\",\"DeviceID\":\"ACPI\\\\QCOM0CCC\\\\19\",\"Status\":\"OK\"},{\"Name\":\"Snapdragon(R) X 10-core X1P64100 @ 3.40 GHz\",\"Manufacturer\":\"(Standard processor types)\",\"PNPClass\":\"Processor\",\"DeviceID\":\"ACPI\\\\QUALCOMM_TECHNOLOGIES_INC_-_ARMV8_(64-BIT)_FAMILY_8_MODEL_1_REVISION_201\\\\0\",\"Status\":\"OK\"},{\"Name\":\"Snapdragon(R) X 10-core X1P64100 @ 3.40 GHz\",\"Manufacturer\":\"(Standard processor types)\",\"PNPClass\":\"Processor\",\"DeviceID\":\"ACPI\\\\QUALCOMM_TECHNOLOGIES_INC_-_ARMV8_(64-BIT)_FAMILY_8_MODEL_1_REVISION_201\\\\1\",\"Status\":\"OK\"},{\"Name\":\"Snapdragon(R) X 10-core X1P64100 @ 3.40 GHz\",\"Manufacturer\":\"(Standard processor types)\",\"PNPClass\":\"Processor\",\"DeviceID\":\"ACPI\\\\QUALCOMM_TECHNOLOGIES_INC_-_ARMV8_(64-BIT)_FAMILY_8_MODEL_1_REVISION_201\\\\2\",\"Status\":\"OK\"},{\"Name\":\"Snapdragon(R) X 10-core X1P64100 @ 3.40 GHz\",\"Manufacturer\":\"(Standard processor types)\",\"PNPClass\":\"Processor\",\"DeviceID\":\"ACPI\\\\QUALCOMM_TECHNOLOGIES_INC_-_ARMV8_(64-BIT)_FAMILY_8_MODEL_1_REVISION_201\\\\3\",\"Status\":\"OK\"},{\"Name\":\"Snapdragon(R) X 10-core X1P64100 @ 3.40 GHz\",\"Manufacturer\":\"(Standard processor types)\",\"PNPClass\":\"Processor\",\"DeviceID\":\"ACPI\\\\QUALCOMM_TECHNOLOGIES_INC_-_ARMV8_(64-BIT)_FAMILY_8_MODEL_1_REVISION_201\\\\4\",\"Status\":\"OK\"},{\"Name\":\"Snapdragon(R) X 10-core X1P64100 @ 3.40 GHz\",\"Manufacturer\":\"(Standard processor types)\",\"PNPClass\":\"Processor\",\"DeviceID\":\"ACPI\\\\QUALCOMM_TECHNOLOGIES_INC_-_ARMV8_(64-BIT)_FAMILY_8_MODEL_1_REVISION_201\\\\5\",\"Status\":\"OK\"},{\"Name\":\"Snapdragon(R) X 10-core X1P64100 @ 3.40 GHz\",\"Manufacturer\":\"(Standard processor types)\",\"PNPClass\":\"Processor\",\"DeviceID\":\"ACPI\\\\QUALCOMM_TECHNOLOGIES_INC_-_ARMV8_(64-BIT)_FAMILY_8_MODEL_1_REVISION_201\\\\6\",\"Status\":\"OK\"},{\"Name\":\"Snapdragon(R) X 10-core X1P64100 @ 3.40 GHz\",\"Manufacturer\":\"(Standard processor types)\",\"PNPClass\":\"Processor\",\"DeviceID\":\"ACPI\\\\QUALCOMM_TECHNOLOGIES_INC_-_ARMV8_(64-BIT)_FAMILY_8_MODEL_1_REVISION_201\\\\8\",\"Status\":\"OK\"},{\"Name\":\"Snapdragon(R) X 10-core X1P64100 @ 3.40 GHz\",\"Manufacturer\":\"(Standard processor types)\",\"PNPClass\":\"Processor\",\"DeviceID\":\"ACPI\\\\QUALCOMM_TECHNOLOGIES_INC_-_ARMV8_(64-BIT)_FAMILY_8_MODEL_1_REVISION_201\\\\9\",\"Status\":\"OK\"},{\"Name\":\"Snapdragon(R) X 10-core X1P64100 @ 3.40 GHz\",\"Manufacturer\":\"(Standard processor types)\",\"PNPClass\":\"Processor\",\"DeviceID\":\"ACPI\\\\QUALCOMM_TECHNOLOGIES_INC_-_ARMV8_(64-BIT)_FAMILY_8_MODEL_1_REVISION_201\\\\A\",\"Status\":\"OK\"},{\"Name\":\"Qualcomm(R) Aqstic(TM)\",\"Manufacturer\":\"(Standard system devices)\",\"PNPClass\":\"MEDIA\",\"DeviceID\":\"ADCM\\\\VEN_QCOM\\u0026DEV_0CC1\\u0026SUBSYS_MSHW0462\\u0026REV_0A\\\\4\\u00262A777998\\u00260\\u00260\",\"Status\":\"OK\"},{\"Name\":\"Qualcomm(R) Aqstic(TM) ACX Audio Device\",\"Manufacturer\":\"QUALCOMM\",\"PNPClass\":\"MEDIA\",\"DeviceID\":\"ADCM\\\\VEN_QCOM\\u0026DEV_0CE6\\u0026SUBSYS_MSHW0462\\u0026REV_0A\\\\4\\u00262A777998\\u00260\\u00261\",\"Status\":\"OK\"},{\"Name\":\"Qualcomm(R) Aqstic(TM) Audio DSP and Calibration Manager\",\"Manufacturer\":\"Qualcomm Technologies, Inc.\",\"PNPClass\":\"System\",\"DeviceID\":\"ADSP\\\\VEN_QCOM\\u0026DEV_0C22\\u0026SUBSYS_MSHW0462\\u0026REV_0A\\\\3\\u0026D1F2880\\u00260\\u00260\",\"Status\":\"OK\"},{\"Name\":\"Surface Camera AVStream Device\",\"Manufacturer\":\"Qualcomm\",\"PNPClass\":\"Camera\",\"DeviceID\":\"DISPLAY\\\\QCOM_AVSTREAM_8380\\\\3\\u00265E9CBA8\\u00260\\u0026UID32768\",\"Status\":\"OK\"},{\"Name\":\"Qualcomm Temperature Sensor Device\",\"Manufacturer\":\"Qualcomm Inc.\",\"PNPClass\":\"System\",\"DeviceID\":\"ACPI\\\\QCOM0D01\\\\0\",\"Status\":\"OK\"},{\"Name\":\"Qualcomm Temperature Sensor Device\",\"Manufacturer\":\"Qualcomm Inc.\",\"PNPClass\":\"System\",\"DeviceID\":\"ACPI\\\\QCOM0D01\\\\1\",\"Status\":\"OK\"},{\"Name\":\"Qualcomm(R) Aqstic(TM) BT ACX Transport Device\",\"Manufacturer\":\"QUALCOMM\",\"PNPClass\":\"Bluetooth\",\"DeviceID\":\"ACPI\\\\QCOM0D04\\\\0\",\"Status\":\"OK\"},{\"Name\":\"Qualcomm(R) USB3(TM) eXtensible Host Controller\",\"Manufacturer\":\"Generic USB xHCI Host Controller\",\"PNPClass\":\"USB\",\"DeviceID\":\"ACPI\\\\QCOM0D08\\\\3\",\"Status\":\"OK\"},{\"Name\":\"Qualcomm(R) Protection Domain Service Registry Device\",\"Manufacturer\":\"Qualcomm Incorporated\",\"PNPClass\":\"System\",\"DeviceID\":\"ACPI\\\\VEN_QCOM\\u0026DEV_06DF\\u0026SUBSYS_CRD08380\\u0026REV_0008\\\\2\\u0026DABA3FF\\u00260\",\"Status\":\"OK\"},{\"Name\":\"Qualcomm(R) USB4(TM) Host Router Bus\",\"Manufacturer\":\"Qualcomm Technologies, Inc.\",\"PNPClass\":\"System\",\"DeviceID\":\"ACPI\\\\QCOM0C6D\\\\2\\u0026DABA3FF\\u00260\",\"Status\":\"OK\"},{\"Name\":\"Qualcomm Temperature Sensor Device\",\"Manufacturer\":\"Qualcomm Inc.\",\"PNPClass\":\"System\",\"DeviceID\":\"ACPI\\\\QCOM0CBF\\\\1\",\"Status\":\"OK\"},{\"Name\":\"Qualcomm(R) Power Management FGBCL Device\",\"Manufacturer\":\"Qualcomm Inc.\",\"PNPClass\":\"System\",\"DeviceID\":\"ACPI\\\\QCOM0C77\\\\2\\u0026DABA3FF\\u00260\",\"Status\":\"OK\"},{\"Name\":\"Qualcomm(R) ACPI Bridge Device\",\"Manufacturer\":\"Qualcomm Technologies Inc.\",\"PNPClass\":\"System\",\"DeviceID\":\"ACPI\\\\QCOM0427\\\\0\",\"Status\":\"OK\"},{\"Name\":\"Qualcomm(R) System Manager PMIC GPIO Framework Extension Device\",\"Manufacturer\":\"Qualcomm Inc.\",\"PNPClass\":\"System\",\"DeviceID\":\"ACPI\\\\QCOM0C2D\\\\1\",\"Status\":\"OK\"},{\"Name\":\"Qualcomm(R) Secure Kernel Extension\",\"Manufacturer\":\"Qualcomm Incorporated\",\"PNPClass\":\"System\",\"DeviceID\":\"ACPI\\\\QCOM0CAC\\\\2\\u0026DABA3FF\\u00260\",\"Status\":\"OK\"},{\"Name\":\"Qualcomm(R) Peripheral Image Loader Device\",\"Manufacturer\":\"Qualcomm Incorporated\",\"PNPClass\":\"System\",\"DeviceID\":\"ACPI\\\\VEN_QCOM\\u0026DEV_06E0\\u0026SUBSYS_CRD08380\\u0026REV_0008\\\\2\\u0026DABA3FF\\u00260\",\"Status\":\"OK\"},{\"Name\":\"Qualcomm System Cache Device\",\"Manufacturer\":\"Qualcomm Inc.\",\"PNPClass\":\"System\",\"DeviceID\":\"ACPI\\\\VEN_QCOM\\u0026DEV_0C83\\u0026SUBSYS_CRD08380\\u0026REV_0002\\\\2\\u0026DABA3FF\\u00260\",\"Status\":\"OK\"},{\"Name\":\"Qualcomm(R) USB Type-C Device\",\"Manufacturer\":\"Qualcomm Technologies, Inc.\",\"PNPClass\":\"USBDevice\",\"DeviceID\":\"ACPI\\\\QCOM0CA4\\\\2\\u0026DABA3FF\\u00260\",\"Status\":\"OK\"},{\"Name\":\"Qualcomm Audio Proxy APO\",\"Manufacturer\":\"QUALCOMM\",\"PNPClass\":\"AudioProcessingObject\",\"DeviceID\":\"SWD\\\\DRIVERENUM\\\\{F5E603DE-5801-48AD-83F2-9E0666B0A340}#PROXYAPO\\u00266\\u002611D9B152\\u00260\",\"Status\":\"OK\"},{\"Name\":\"Qualcomm FastConnect 7800 Dual Bluetooth Adapter\",\"Manufacturer\":\"Qualcomm Incorporated\",\"PNPClass\":\"Bluetooth\",\"DeviceID\":\"QCA_SHB\\\\UART_H4_HMT\\\\3\\u00262DBA09C2\\u00260\\u00264097\",\"Status\":\"OK\"},{\"Name\":\"Qualcomm(R) SOC Partition Interface Device\",\"Manufacturer\":\"Qualcomm Technologies Inc.\",\"PNPClass\":\"System\",\"DeviceID\":\"ACPI\\\\QCOM06DD\\\\2\\u0026DABA3FF\\u00260\",\"Status\":\"OK\"},{\"Name\":\"Qualcomm Shared Memory Port Device\",\"Manufacturer\":\"Qualcomm Inc.\",\"PNPClass\":\"System\",\"DeviceID\":\"ACPI\\\\QCOM0C84\\\\0\",\"Status\":\"OK\"},{\"Name\":\"Qualcomm(R) Bus Device\",\"Manufacturer\":\"Qualcomm Technologies, Inc.\",\"PNPClass\":\"System\",\"DeviceID\":\"ACPI\\\\QCOM0C88\\\\0\",\"Status\":\"OK\"},{\"Name\":\"Qualcomm(R) Bus Device\",\"Manufacturer\":\"Qualcomm Technologies, Inc.\",\"PNPClass\":\"System\",\"DeviceID\":\"ACPI\\\\QCOM0C88\\\\1\",\"Status\":\"OK\"},{\"Name\":\"Qualcomm(R) Bus Device\",\"Manufacturer\":\"Qualcomm Technologies, Inc.\",\"PNPClass\":\"System\",\"DeviceID\":\"ACPI\\\\QCOM0C88\\\\2\",\"Status\":\"OK\"},{\"Name\":\"Qualcomm(R) DCF Device\",\"Manufacturer\":\"Qualcomm\",\"PNPClass\":\"System\",\"DeviceID\":\"ACPI\\\\QCOM06E7\\\\2\\u0026DABA3FF\\u00260\",\"Status\":\"OK\"},{\"Name\":\"Qualcomm Subsystem Dependency Device\",\"Manufacturer\":\"Qualcomm Technologies, Incorporated\",\"PNPClass\":\"System\",\"DeviceID\":\"ACPI\\\\QCOM0C20\\\\2\\u0026DABA3FF\\u00260\",\"Status\":\"OK\"},{\"Name\":\"Qualcomm(R) NSP0 CDSP SW Thermal Device\",\"Manufacturer\":\"Qualcomm Technologies, Incorporated\",\"PNPClass\":\"System\",\"DeviceID\":\"ACPI\\\\QCOM0CC3\\\\2\\u0026DABA3FF\\u00260\",\"Status\":\"OK\"},{\"Name\":\"Qualcomm(R) Spectra(TM) 695 ISP Camera Flash Device\",\"Manufacturer\":\"Qualcomm Inc.\",\"PNPClass\":\"Camera\",\"DeviceID\":\"ACPI\\\\QCOM0C27\\\\19\",\"Status\":\"OK\"},{\"Name\":\"Snapdragon(R) X Plus - X1P64100 - Qualcomm(R) Hexagon(TM) NPU\",\"Manufacturer\":\"Qualcomm Technologies, Inc.\",\"PNPClass\":\"ComputeAccelerator\",\"DeviceID\":\"ACPI\\\\QCOM0D0A\\\\2\\u0026DABA3FF\\u00260\",\"Status\":\"OK\"},{\"Name\":\"Qualcomm(R) SPI Bus Device\",\"Manufacturer\":\"Qualcomm Technologies, Inc.\",\"PNPClass\":\"System\",\"DeviceID\":\"ACPI\\\\QCOM0C0E\\\\14\",\"Status\":\"OK\"},{\"Name\":\"Qualcomm(R) Slimbus Device\",\"Manufacturer\":\"Qualcomm Inc.\",\"PNPClass\":\"System\",\"DeviceID\":\"ADSP\\\\VEN_QCOM\\u0026DEV_0C0F\\u0026SUBSYS_MSHW0462\\u0026REV_0A\\\\3\\u0026D1F2880\\u00260\\u00260\",\"Status\":\"OK\"},{\"Name\":\"ACPI Processor Container Device\",\"Manufacturer\":\"(Standard system devices)\",\"PNPClass\":\"System\",\"DeviceID\":\"ACPI\\\\ACPI0010\\\\100000\",\"Status\":\"OK\"},{\"Name\":\"Qualcomm ASD Audio Proxy APO\",\"Manufacturer\":\"QUALCOMM\",\"PNPClass\":\"AudioProcessingObject\",\"DeviceID\":\"SWD\\\\DRIVERENUM\\\\ASDPROXYAPO\\u00266\\u00261288D27E\\u00260\",\"Status\":\"OK\"},{\"Name\":\"Qualcomm(R) Wlan Thermal Mitigation Device\",\"Manufacturer\":\"Qualcomm Technologies, Incorporated\",\"PNPClass\":\"System\",\"DeviceID\":\"ACPI\\\\QCOM0CD5\\\\2\\u0026DABA3FF\\u00260\",\"Status\":\"OK\"},{\"Name\":\"Qualcomm Power Engine Plug-in Device\",\"Manufacturer\":\"Qualcomm Inc.\",\"PNPClass\":\"System\",\"DeviceID\":\"ACPI\\\\VEN_QCOM\\u0026DEV_0C17\\u0026SUBSYS_CRD08380\\u0026REV_008A\\\\2\\u0026DABA3FF\\u00260\",\"Status\":\"OK\"},{\"Name\":\"Qualcomm(R) All-Ways Aware(TM) Sensor Platform Device - Keyboard\",\"Manufacturer\":\"Qualcomm\",\"PNPClass\":\"Sensor\",\"DeviceID\":\"ACPI\\\\MSHW0474\\\\2\\u0026DABA3FF\\u00260\",\"Status\":\"OK\"},{\"Name\":\"Qualcomm(R) Data IPC Router Device\",\"Manufacturer\":\"Qualcomm Incorporated\",\"PNPClass\":\"System\",\"DeviceID\":\"ACPI\\\\QCOM0C0D\\\\2\\u0026DABA3FF\\u00260\",\"Status\":\"OK\"},{\"Name\":\"Qualcomm(R) Audio DSP Subsystem Device\",\"Manufacturer\":\"Qualcomm Technologies, Incorporated\",\"PNPClass\":\"System\",\"DeviceID\":\"ACPI\\\\VEN_QCOM\\u0026DEV_0C1B\\u0026SUBSYS_MSHW0462\\u0026REV_000A\\\\2\\u0026DABA3FF\\u00260\",\"Status\":\"OK\"},{\"Name\":\"Qualcomm Temperature Sensor Device\",\"Manufacturer\":\"Qualcomm Inc.\",\"PNPClass\":\"System\",\"DeviceID\":\"ACPI\\\\QCOM0C91\\\\0\",\"Status\":\"OK\"},{\"Name\":\"Qualcomm(R) PCIe Platform Extension Plugin\",\"Manufacturer\":\"(Standard system devices)\",\"PNPClass\":\"System\",\"DeviceID\":\"ACPI\\\\QCOM0C96\\\\0\",\"Status\":\"OK\"},{\"Name\":\"Qualcomm(R) TFTP Device\",\"Manufacturer\":\"Qualcomm Technologies, Incorporated\",\"PNPClass\":\"System\",\"DeviceID\":\"ACPI\\\\QCOM06DC\\\\2\\u0026DABA3FF\\u00260\",\"Status\":\"OK\"},{\"Name\":\"Speakers (Qualcomm(R) Aqstic(TM) Audio Adapter Device)\",\"Manufacturer\":\"Microsoft\",\"PNPClass\":\"AudioEndpoint\",\"DeviceID\":\"SWD\\\\MMDEVAPI\\\\{0.0.0.00000000}.{F17D4AE2-7763-497B-99CD-17EDEB4686C7}\",\"Status\":\"OK\"},{\"Name\":\"Qualcomm(R) Spectra(TM) 695 ISP Camera Device\",\"Manufacturer\":\"Qualcomm Inc.\",\"PNPClass\":\"Camera\",\"DeviceID\":\"ACPI\\\\VEN_QCOM\\u0026DEV_0C25\\u0026SUBSYS_CRD08380\\u0026REV_0000\\\\16\",\"Status\":\"OK\"},{\"Name\":\"Qualcomm(R) Compute DSP Subsystem Device\",\"Manufacturer\":\"Qualcomm Technologies, Incorporated\",\"PNPClass\":\"System\",\"DeviceID\":\"ACPI\\\\QCOM0CB0\\\\2\\u0026DABA3FF\\u00260\",\"Status\":\"OK\"},{\"Name\":\"Qualcomm(R) System Manager SCM Device\",\"Manufacturer\":\"Qualcomm Inc.\",\"PNPClass\":\"System\",\"DeviceID\":\"ACPI\\\\QCOM04DD\\\\0\",\"Status\":\"OK\"},{\"Name\":\"Qualcomm(R) System Manager Device\",\"Manufacturer\":\"Qualcomm Inc.\",\"PNPClass\":\"System\",\"DeviceID\":\"ACPI\\\\QCOM04DE\\\\0\",\"Status\":\"OK\"},{\"Name\":\"Qualcomm(R) Bluetooth UART Transport Driver\",\"Manufacturer\":\"Qualcomm Atheros Communications Inc.\",\"PNPClass\":\"Bluetooth\",\"DeviceID\":\"ACPI\\\\QCOM0C6B\\\\2\\u0026DABA3FF\\u00260\",\"Status\":\"OK\"},{\"Name\":\"Qualcomm(R) Power Management PMIC Apps Device\",\"Manufacturer\":\"Qualcomm Inc.\",\"PNPClass\":\"System\",\"DeviceID\":\"ACPI\\\\QCOM0C2C\\\\2\\u0026DABA3FF\\u00260\",\"Status\":\"OK\"},{\"Name\":\"Qualcomm(R) Reset Power Error Notifier Device\",\"Manufacturer\":\"Qualcomm Incorporated\",\"PNPClass\":\"System\",\"DeviceID\":\"ACPI\\\\QCOM06E1\\\\2\\u0026DABA3FF\\u00260\",\"Status\":\"OK\"},{\"Name\":\"Qualcomm(R) EVA Device\",\"Manufacturer\":\"Qualcomm Inc.\",\"PNPClass\":\"System\",\"DeviceID\":\"ACPI\\\\QCOM0CF1\\\\1E\",\"Status\":\"OK\"},{\"Name\":\"Qualcomm(R) Aqstic(TM) Audio Adapter Device\",\"Manufacturer\":\"QUALCOMM\",\"PNPClass\":\"MEDIA\",\"DeviceID\":\"AUCD\\\\VEN_QCOM\\u0026DEV_0C29\\u0026SUBSYS_MSHW0462\\u0026REV_0A\\\\5\\u00262A32BB88\\u00260\\u00260\",\"Status\":\"OK\"},{\"Name\":\"Qualcomm Secure Processor Device\",\"Manufacturer\":\"Qualcomm Technologies Inc.\",\"PNPClass\":\"System\",\"DeviceID\":\"ACPI\\\\QCOM0C87\\\\2\\u0026DABA3FF\\u00260\",\"Status\":\"OK\"},{\"Name\":\"Qualcomm Audio Proxy APO\",\"Manufacturer\":\"QUALCOMM\",\"PNPClass\":\"AudioProcessingObject\",\"DeviceID\":\"SWD\\\\DRIVERENUM\\\\PROXYAPO\\u00266\\u002611D9B152\\u00260\",\"Status\":\"OK\"},{\"Name\":\"Qualcomm(R) Audio RPC Daemon Device\",\"Manufacturer\":\"Qualcomm Technologies, Inc.\",\"PNPClass\":\"System\",\"DeviceID\":\"ACPI\\\\QCOM0C82\\\\2\\u0026DABA3FF\\u00260\",\"Status\":\"OK\"},{\"Name\":\"Qualcomm(R) All-Ways Aware(TM) Sensor Platform Device - Display\",\"Manufacturer\":\"Qualcomm\",\"PNPClass\":\"Sensor\",\"DeviceID\":\"ACPI\\\\MSHW0473\\\\2\\u0026DABA3FF\\u00260\",\"Status\":\"OK\"},{\"Name\":\"Qualcomm(R) System Manager Secapp Device\",\"Manufacturer\":\"Qualcomm Inc.\",\"PNPClass\":\"System\",\"DeviceID\":\"ACPI\\\\QCOM0CE4\\\\0\",\"Status\":\"OK\"},{\"Name\":\"Qualcomm(R) Display Services\",\"Manufacturer\":\"Qualcomm Incorporated\",\"PNPClass\":\"SoftwareComponent\",\"DeviceID\":\"SWD\\\\DRIVERENUM\\\\{17712798-2541-1623-4249-157167142812}#QCDPPSLIBRARY\\u00263\\u00265E9CBA8\\u00260\",\"Status\":\"OK\"},{\"Name\":\"Qualcomm ASD Audio Proxy APO\",\"Manufacturer\":\"QUALCOMM\",\"PNPClass\":\"AudioProcessingObject\",\"DeviceID\":\"SWD\\\\DRIVERENUM\\\\ASDPROXYAPO\\u00265\\u002624050019\\u00260\",\"Status\":\"OK\"},{\"Name\":\"Qualcomm(R) FastConnect(TM) 7800 Mobile Connectivity System\",\"Manufacturer\":\"Qualcomm Communications Inc.\",\"PNPClass\":\"Net\",\"DeviceID\":\"PCI\\\\VEN_17CB\\u0026DEV_1107\\u0026SUBSYS_110717CB\\u0026REV_01\\\\4\\u0026CDACDEC\\u00260\\u00260000\",\"Status\":\"OK\"},{\"Name\":\"Surface Camera Platform Device\",\"Manufacturer\":\"Qualcomm Inc.\",\"PNPClass\":\"Camera\",\"DeviceID\":\"ACPI\\\\QCOM0C32\\\\1B\",\"Status\":\"OK\"},{\"Name\":\"Microsoft Passport Container Enumeration Bus\",\"Manufacturer\":\"Microsoft\",\"PNPClass\":\"SoftwareDevice\",\"DeviceID\":\"SWD\\\\SCDEVICEENUMBUS\\\\1\",\"Status\":\"OK\"},{\"Name\":\"Qualcomm(R) Power Management PMIC Device\",\"Manufacturer\":\"Qualcomm Inc.\",\"PNPClass\":\"System\",\"DeviceID\":\"ACPI\\\\QCOM0C2B\\\\2\\u0026DABA3FF\\u00260\",\"Status\":\"OK\"},{\"Name\":\"Qualcomm(R) Subsys Base Thermal Mitigation Device\",\"Manufacturer\":\"Qualcomm Technologies, Incorporated\",\"PNPClass\":\"System\",\"DeviceID\":\"ACPI\\\\QCOM06E5\\\\2\\u0026DABA3FF\\u00260\",\"Status\":\"OK\"},{\"Name\":\"Qualcomm Temperature Sensor Device\",\"Manufacturer\":\"Qualcomm Inc.\",\"PNPClass\":\"System\",\"DeviceID\":\"ACPI\\\\QCOM0C58\\\\0\",\"Status\":\"OK\"},{\"Name\":\"Qualcomm Temperature Sensor Device\",\"Manufacturer\":\"Qualcomm Inc.\",\"PNPClass\":\"System\",\"DeviceID\":\"ACPI\\\\QCOM0C58\\\\1\",\"Status\":\"OK\"},{\"Name\":\"Qualcomm Temperature Sensor Device\",\"Manufacturer\":\"Qualcomm Inc.\",\"PNPClass\":\"System\",\"DeviceID\":\"ACPI\\\\QCOM0C59\\\\0\",\"Status\":\"OK\"},{\"Name\":\"Qualcomm Temperature Sensor Device\",\"Manufacturer\":\"Qualcomm Inc.\",\"PNPClass\":\"System\",\"DeviceID\":\"ACPI\\\\QCOM0C59\\\\1\",\"Status\":\"OK\"},{\"Name\":\"Qualcomm(R) Adreno(TM) X1-85 GPU\",\"Manufacturer\":\"Qualcomm Incorporated\",\"PNPClass\":\"Display\",\"DeviceID\":\"ACPI\\\\VEN_QCOM\\u0026DEV_0C36\\u0026SUBSYS_IDP08380\\u0026REV_008A\\\\0\",\"Status\":\"OK\"},{\"Name\":\"Qualcomm ADC Temperature Monitor Device\",\"Manufacturer\":\"Qualcomm Inc.\",\"PNPClass\":\"System\",\"DeviceID\":\"ACPI\\\\QCOM0C5E\\\\0\",\"Status\":\"OK\"},{\"Name\":\"Qualcomm ADC Temperature Monitor Device\",\"Manufacturer\":\"Qualcomm Inc.\",\"PNPClass\":\"System\",\"DeviceID\":\"ACPI\\\\QCOM0C5F\\\\0\",\"Status\":\"OK\"},{\"Name\":\"Qualcomm(R) Power Management PMIC GLink Device\",\"Manufacturer\":\"Qualcomm Incorporated\",\"PNPClass\":\"System\",\"DeviceID\":\"ACPI\\\\QCOM0C8E\\\\2\\u0026DABA3FF\\u00260\",\"Status\":\"OK\"},{\"Name\":\"Qualcomm CPU Core parking Policy Device\",\"Manufacturer\":\"Qualcomm Inc.\",\"PNPClass\":\"System\",\"DeviceID\":\"ACPI\\\\QCOM0CF2\\\\0\",\"Status\":\"OK\"},{\"Name\":\"Qualcomm CPU DCVS Policy Device\",\"Manufacturer\":\"Qualcomm Inc.\",\"PNPClass\":\"System\",\"DeviceID\":\"ACPI\\\\QCOM0CF3\\\\0\",\"Status\":\"OK\"},{\"Name\":\"Qualcomm CPU DCVS Cluster 0 Policy Device\",\"Manufacturer\":\"Qualcomm Inc.\",\"PNPClass\":\"System\",\"DeviceID\":\"ACPI\\\\QCOM0CF4\\\\0\",\"Status\":\"OK\"},{\"Name\":\"Qualcomm(R) Inter Processor Communication Interrupt Device\",\"Manufacturer\":\"Qualcomm Incorporated\",\"PNPClass\":\"System\",\"DeviceID\":\"ACPI\\\\QCOM06C2\\\\0\",\"Status\":\"OK\"},{\"Name\":\"Qualcomm CPU DCVS Cluster 1 Policy Device\",\"Manufacturer\":\"Qualcomm Inc.\",\"PNPClass\":\"System\",\"DeviceID\":\"ACPI\\\\QCOM0CF5\\\\0\",\"Status\":\"OK\"},{\"Name\":\"Qualcomm CPU DCVS Cluster 2 Policy Device\",\"Manufacturer\":\"Qualcomm Inc.\",\"PNPClass\":\"System\",\"DeviceID\":\"ACPI\\\\QCOM0CF6\\\\0\",\"Status\":\"OK\"},{\"Name\":\"Qualcomm GPU limits Policy Device\",\"Manufacturer\":\"Qualcomm Inc.\",\"PNPClass\":\"System\",\"DeviceID\":\"ACPI\\\\QCOM0CF7\\\\0\",\"Status\":\"OK\"},{\"Name\":\"Qualcomm NSP limits Policy Device\",\"Manufacturer\":\"Qualcomm Inc.\",\"PNPClass\":\"System\",\"DeviceID\":\"ACPI\\\\QCOM0CF8\\\\0\",\"Status\":\"OK\"},{\"Name\":\"Qualcomm Modem skin Policy Device\",\"Manufacturer\":\"Qualcomm Inc.\",\"PNPClass\":\"System\",\"DeviceID\":\"ACPI\\\\QCOM0CF9\\\\0\",\"Status\":\"OK\"},{\"Name\":\"Surface IR Camera Front\",\"Manufacturer\":\"Qualcomm Incorporated\",\"PNPClass\":\"Camera\",\"DeviceID\":\"ACPI\\\\VEN_SMO\\u0026DEV_55F0\\u0026SUBSYS_MSHW0472\\u0026REV_0000\\\\1C\",\"Status\":\"OK\"},{\"Name\":\"Qualcomm(R) Bam Bus Device\",\"Manufacturer\":\"Qualcomm Inc.\",\"PNPClass\":\"System\",\"DeviceID\":\"ACPI\\\\QCOM0C0A\\\\1\",\"Status\":\"OK\"},{\"Name\":\"Qualcomm(R) Bam Bus Device\",\"Manufacturer\":\"Qualcomm Inc.\",\"PNPClass\":\"System\",\"DeviceID\":\"ACPI\\\\QCOM0C0A\\\\5\",\"Status\":\"OK\"},{\"Name\":\"Qualcomm Modem BCL Policy Device\",\"Manufacturer\":\"Qualcomm Inc.\",\"PNPClass\":\"System\",\"DeviceID\":\"ACPI\\\\QCOM0CFB\\\\0\",\"Status\":\"OK\"},{\"Name\":\"Qualcomm(R) SPMI Bus Device\",\"Manufacturer\":\"Qualcomm Inc.\",\"PNPClass\":\"System\",\"DeviceID\":\"ACPI\\\\QCOM0C0B\\\\1\",\"Status\":\"OK\"},{\"Name\":\"Qualcomm WLAN Limits Policy Device\",\"Manufacturer\":\"Qualcomm Inc.\",\"PNPClass\":\"System\",\"DeviceID\":\"ACPI\\\\QCOM0CFC\\\\0\",\"Status\":\"OK\"},{\"Name\":\"Qualcomm(R) System Manager GPIO Device\",\"Manufacturer\":\"Qualcomm Inc.\",\"PNPClass\":\"System\",\"DeviceID\":\"ACPI\\\\QCOM0C0C\\\\0\",\"Status\":\"OK\"},{\"Name\":\"Qualcomm(R) SPI Bus Device\",\"Manufacturer\":\"Qualcomm Technologies, Inc.\",\"PNPClass\":\"System\",\"DeviceID\":\"ACPI\\\\QCOM0C0E\\\\B\",\"Status\":\"OK\"},{\"Name\":\"Qualcomm(R) IOMMU Device\",\"Manufacturer\":\"Qualcomm Inc.\",\"PNPClass\":\"System\",\"DeviceID\":\"ACPI\\\\QCOM068F\\\\0\",\"Status\":\"OK\"},{\"Name\":\"Qualcomm(R) IOMMU Device\",\"Manufacturer\":\"Qualcomm Inc.\",\"PNPClass\":\"System\",\"DeviceID\":\"ACPI\\\\QCOM068F\\\\1\",\"Status\":\"OK\"},{\"Name\":\"Qualcomm(R) FastRPC Device\",\"Manufacturer\":\"Qualcomm Technologies, Inc.\",\"PNPClass\":\"System\",\"DeviceID\":\"ACPI\\\\QCOM0C5C\\\\2\\u0026DABA3FF\\u00260\",\"Status\":\"OK\"},{\"Name\":\"Qualcomm System MMU Device\",\"Manufacturer\":\"Qualcomm Inc.\",\"PNPClass\":\"System\",\"DeviceID\":\"ACPI\\\\VEN_QCOM\\u0026DEV_0C09\\u0026SUBSYS_CRD08380\\u0026REV_0002\\\\0\",\"Status\":\"OK\"},{\"Name\":\"Qualcomm System MMU Device\",\"Manufacturer\":\"Qualcomm Inc.\",\"PNPClass\":\"System\",\"DeviceID\":\"ACPI\\\\VEN_QCOM\\u0026DEV_0C09\\u0026SUBSYS_CRD08380\\u0026REV_0002\\\\1\",\"Status\":\"OK\"},{\"Name\":\"Qualcomm(R) Spectra(TM) 695 ISP Camera JPEG Encoder Device\",\"Manufacturer\":\"Qualcomm\",\"PNPClass\":\"Camera\",\"DeviceID\":\"ACPI\\\\QCOM0C33\\\\17\",\"Status\":\"OK\"},{\"Name\":\"Qualcomm(R) Aqstic(TM) ACX Static Endpoints Audio Device\",\"Manufacturer\":\"QUALCOMM\",\"PNPClass\":\"MEDIA\",\"DeviceID\":\"QCASD\\\\STATICENDPOINTDEVICE0\\\\5\\u002624050019\\u00260\\u00260\",\"Status\":\"OK\"},{\"Name\":\"Qualcomm(R) Bus Device\",\"Manufacturer\":\"Qualcomm Technologies, Inc.\",\"PNPClass\":\"System\",\"DeviceID\":\"ACPI\\\\QCOM0C16\\\\16\",\"Status\":\"OK\"},{\"Name\":\"Qualcomm ADC Temperature Monitor Device\",\"Manufacturer\":\"Qualcomm Inc.\",\"PNPClass\":\"System\",\"DeviceID\":\"ACPI\\\\QCOM0C60\\\\0\",\"Status\":\"OK\"},{\"Name\":\"Qualcomm ADC Temperature Monitor Device\",\"Manufacturer\":\"Qualcomm Inc.\",\"PNPClass\":\"System\",\"DeviceID\":\"ACPI\\\\QCOM0C61\\\\0\",\"Status\":\"OK\"},{\"Name\":\"Qualcomm ADC Temperature Monitor Device\",\"Manufacturer\":\"Qualcomm Inc.\",\"PNPClass\":\"System\",\"DeviceID\":\"ACPI\\\\QCOM0C62\\\\0\",\"Status\":\"OK\"},{\"Name\":\"Qualcomm ADC Temperature Monitor Device\",\"Manufacturer\":\"Qualcomm Inc.\",\"PNPClass\":\"System\",\"DeviceID\":\"ACPI\\\\QCOM0C63\\\\0\",\"Status\":\"OK\"},{\"Name\":\"Qualcomm ADC Temperature Monitor Device\",\"Manufacturer\":\"Qualcomm Inc.\",\"PNPClass\":\"System\",\"DeviceID\":\"ACPI\\\\QCOM0C64\\\\0\",\"Status\":\"OK\"},{\"Name\":\"Qualcomm(R) System Manager Device\",\"Manufacturer\":\"Qualcomm\",\"PNPClass\":\"System\",\"DeviceID\":\"ACPI\\\\QCOM0CA8\\\\0\",\"Status\":\"OK\"},{\"Name\":\"Qualcomm(R) System Manager Device\",\"Manufacturer\":\"Qualcomm Incorporated\",\"PNPClass\":\"System\",\"DeviceID\":\"ACPI\\\\QCOM0C2F\\\\2\\u0026DABA3FF\\u00260\",\"Status\":\"OK\"}]",
            "stderr": ""
          },
          "signed_driver_candidates": [
            {
              "DeviceName": "Microsoft Input Configuration Device",
              "Manufacturer": "Microsoft",
              "DriverVersion": "10.0.26100.1",
              "DriverDate": "/Date(1150848000000)/",
              "InfName": "mtconfig.inf",
              "DeviceID": "HID\\MSHW0238&COL07\\3&868ECB2&0&0006"
            },
            {
              "DeviceName": "Qualcomm(R) Analog-to-Digital Converter Device",
              "Manufacturer": "Qualcomm Technologies, Inc.",
              "DriverVersion": "1.0.4160.6000",
              "DriverDate": "/Date(1730160000000)/",
              "InfName": "oem13.inf",
              "DeviceID": "ACPI\\QCOM0C11\\0"
            },
            {
              "DeviceName": "Qualcomm FastConnect 7800 Dual Bluetooth Adapter",
              "Manufacturer": "Qualcomm Incorporated",
              "DriverVersion": "1.0.4422.300",
              "DriverDate": "/Date(1757030400000)/",
              "InfName": "oem107.inf",
              "DeviceID": "QCA_SHB\\UART_H4_HMT\\3&2DBA09C2&0&4097"
            },
            {
              "DeviceName": "Qualcomm(R) Bluetooth UART Transport Driver",
              "Manufacturer": "Qualcomm Atheros Communications Inc.",
              "DriverVersion": "1.0.4374.1301",
              "DriverDate": "/Date(1752624000000)/",
              "InfName": "oem77.inf",
              "DeviceID": "ACPI\\QCOM0C6B\\2&DABA3FF&0"
            },
            {
              "DeviceName": "Qualcomm(R) Aqstic(TM) BT ACX Transport Device",
              "Manufacturer": "QUALCOMM",
              "DriverVersion": "1.0.4357.100",
              "DriverDate": "/Date(1750636800000)/",
              "InfName": "oem90.inf",
              "DeviceID": "ACPI\\QCOM0D04\\0"
            },
            {
              "DeviceName": "Qualcomm ADC Temperature Monitor Device",
              "Manufacturer": "Qualcomm Inc.",
              "DriverVersion": "1.0.4196.6900",
              "DriverDate": "/Date(1734393600000)/",
              "InfName": "oem164.inf",
              "DeviceID": "ACPI\\QCOM0C64\\0"
            },
            {
              "DeviceName": "Qualcomm ADC Temperature Monitor Device",
              "Manufacturer": "Qualcomm Inc.",
              "DriverVersion": "1.0.4196.6900",
              "DriverDate": "/Date(1734393600000)/",
              "InfName": "oem164.inf",
              "DeviceID": "ACPI\\QCOM0C63\\0"
            },
            {
              "DeviceName": "Qualcomm ADC Temperature Monitor Device",
              "Manufacturer": "Qualcomm Inc.",
              "DriverVersion": "1.0.4196.6900",
              "DriverDate": "/Date(1734393600000)/",
              "InfName": "oem164.inf",
              "DeviceID": "ACPI\\QCOM0C62\\0"
            },
            {
              "DeviceName": "Qualcomm ADC Temperature Monitor Device",
              "Manufacturer": "Qualcomm Inc.",
              "DriverVersion": "1.0.4196.6900",
              "DriverDate": "/Date(1734393600000)/",
              "InfName": "oem164.inf",
              "DeviceID": "ACPI\\QCOM0C61\\0"
            },
            {
              "DeviceName": "Qualcomm ADC Temperature Monitor Device",
              "Manufacturer": "Qualcomm Inc.",
              "DriverVersion": "1.0.4196.6900",
              "DriverDate": "/Date(1734393600000)/",
              "InfName": "oem164.inf",
              "DeviceID": "ACPI\\QCOM0C60\\0"
            },
            {
              "DeviceName": "Qualcomm ADC Temperature Monitor Device",
              "Manufacturer": "Qualcomm Inc.",
              "DriverVersion": "1.0.4196.6900",
              "DriverDate": "/Date(1734393600000)/",
              "InfName": "oem164.inf",
              "DeviceID": "ACPI\\QCOM0C5F\\0"
            },
            {
              "DeviceName": "Qualcomm ADC Temperature Monitor Device",
              "Manufacturer": "Qualcomm Inc.",
              "DriverVersion": "1.0.4196.6900",
              "DriverDate": "/Date(1734393600000)/",
              "InfName": "oem164.inf",
              "DeviceID": "ACPI\\QCOM0C5E\\0"
            },
            {
              "DeviceName": "Qualcomm Temperature Sensor Device",
              "Manufacturer": "Qualcomm Inc.",
              "DriverVersion": "1.0.4196.6900",
              "DriverDate": "/Date(1734393600000)/",
              "InfName": "oem164.inf",
              "DeviceID": "ACPI\\QCOM0C5A\\64"
            },
            {
              "DeviceName": "Qualcomm WLAN Limits Policy Device",
              "Manufacturer": "Qualcomm Inc.",
              "DriverVersion": "1.0.4196.6900",
              "DriverDate": "/Date(1734393600000)/",
              "InfName": "oem164.inf",
              "DeviceID": "ACPI\\QCOM0CFC\\0"
            },
            {
              "DeviceName": "Qualcomm Modem skin Policy Device",
              "Manufacturer": "Qualcomm Inc.",
              "DriverVersion": "1.0.4196.6900",
              "DriverDate": "/Date(1734393600000)/",
              "InfName": "oem164.inf",
              "DeviceID": "ACPI\\QCOM0CF9\\0"
            },
            {
              "DeviceName": "Qualcomm Modem BCL Policy Device",
              "Manufacturer": "Qualcomm Inc.",
              "DriverVersion": "1.0.4196.6900",
              "DriverDate": "/Date(1734393600000)/",
              "InfName": "oem164.inf",
              "DeviceID": "ACPI\\QCOM0CFB\\0"
            },
            {
              "DeviceName": "Qualcomm NSP limits Policy Device",
              "Manufacturer": "Qualcomm Inc.",
              "DriverVersion": "1.0.4196.6900",
              "DriverDate": "/Date(1734393600000)/",
              "InfName": "oem164.inf",
              "DeviceID": "ACPI\\QCOM0CF8\\0"
            },
            {
              "DeviceName": "Qualcomm GPU limits Policy Device",
              "Manufacturer": "Qualcomm Inc.",
              "DriverVersion": "1.0.4196.6900",
              "DriverDate": "/Date(1734393600000)/",
              "InfName": "oem164.inf",
              "DeviceID": "ACPI\\QCOM0CF7\\0"
            },
            {
              "DeviceName": "Qualcomm CPU DCVS Cluster 2 Policy Device",
              "Manufacturer": "Qualcomm Inc.",
              "DriverVersion": "1.0.4196.6900",
              "DriverDate": "/Date(1734393600000)/",
              "InfName": "oem164.inf",
              "DeviceID": "ACPI\\QCOM0CF6\\0"
            },
            {
              "DeviceName": "Qualcomm CPU DCVS Cluster 1 Policy Device",
              "Manufacturer": "Qualcomm Inc.",
              "DriverVersion": "1.0.4196.6900",
              "DriverDate": "/Date(1734393600000)/",
              "InfName": "oem164.inf",
              "DeviceID": "ACPI\\QCOM0CF5\\0"
            },
            {
              "DeviceName": "Qualcomm CPU DCVS Cluster 0 Policy Device",
              "Manufacturer": "Qualcomm Inc.",
              "DriverVersion": "1.0.4196.6900",
              "DriverDate": "/Date(1734393600000)/",
              "InfName": "oem164.inf",
              "DeviceID": "ACPI\\QCOM0CF4\\0"
            },
            {
              "DeviceName": "Qualcomm CPU DCVS Policy Device",
              "Manufacturer": "Qualcomm Inc.",
              "DriverVersion": "1.0.4196.6900",
              "DriverDate": "/Date(1734393600000)/",
              "InfName": "oem164.inf",
              "DeviceID": "ACPI\\QCOM0CF3\\0"
            },
            {
              "DeviceName": "Qualcomm CPU Core parking Policy Device",
              "Manufacturer": "Qualcomm Inc.",
              "DriverVersion": "1.0.4196.6900",
              "DriverDate": "/Date(1734393600000)/",
              "InfName": "oem164.inf",
              "DeviceID": "ACPI\\QCOM0CF2\\0"
            },
            {
              "DeviceName": "Qualcomm Temperature Sensor Device",
              "Manufacturer": "Qualcomm Inc.",
              "DriverVersion": "1.0.4196.6900",
              "DriverDate": "/Date(1734393600000)/",
              "InfName": "oem164.inf",
              "DeviceID": "ACPI\\QCOM0CBF\\1"
            },
            {
              "DeviceName": "Qualcomm Temperature Sensor Device",
              "Manufacturer": "Qualcomm Inc.",
              "DriverVersion": "1.0.4196.6900",
              "DriverDate": "/Date(1734393600000)/",
              "InfName": "oem164.inf",
              "DeviceID": "ACPI\\QCOM0C91\\0"
            },
            {
              "DeviceName": "Qualcomm Temperature Sensor Device",
              "Manufacturer": "Qualcomm Inc.",
              "DriverVersion": "1.0.4196.6900",
              "DriverDate": "/Date(1734393600000)/",
              "InfName": "oem164.inf",
              "DeviceID": "ACPI\\QCOM0D01\\1"
            },
            {
              "DeviceName": "Qualcomm Temperature Sensor Device",
              "Manufacturer": "Qualcomm Inc.",
              "DriverVersion": "1.0.4196.6900",
              "DriverDate": "/Date(1734393600000)/",
              "InfName": "oem164.inf",
              "DeviceID": "ACPI\\QCOM0D01\\0"
            },
            {
              "DeviceName": "Qualcomm Temperature Sensor Device",
              "Manufacturer": "Qualcomm Inc.",
              "DriverVersion": "1.0.4196.6900",
              "DriverDate": "/Date(1734393600000)/",
              "InfName": "oem164.inf",
              "DeviceID": "ACPI\\QCOM0C59\\1"
            },
            {
              "DeviceName": "Qualcomm Temperature Sensor Device",
              "Manufacturer": "Qualcomm Inc.",
              "DriverVersion": "1.0.4196.6900",
              "DriverDate": "/Date(1734393600000)/",
              "InfName": "oem164.inf",
              "DeviceID": "ACPI\\QCOM0C59\\0"
            },
            {
              "DeviceName": "Qualcomm Temperature Sensor Device",
              "Manufacturer": "Qualcomm Inc.",
              "DriverVersion": "1.0.4196.6900",
              "DriverDate": "/Date(1734393600000)/",
              "InfName": "oem164.inf",
              "DeviceID": "ACPI\\QCOM0C58\\1"
            },
            {
              "DeviceName": "Qualcomm Temperature Sensor Device",
              "Manufacturer": "Qualcomm Inc.",
              "DriverVersion": "1.0.4196.6900",
              "DriverDate": "/Date(1734393600000)/",
              "InfName": "oem164.inf",
              "DeviceID": "ACPI\\QCOM0C58\\0"
            },
            {
              "DeviceName": "Qualcomm(R) USB Type-C Device",
              "Manufacturer": "Qualcomm Technologies, Inc.",
              "DriverVersion": "1.0.4338.2200",
              "DriverDate": "/Date(1748822400000)/",
              "InfName": "oem126.inf",
              "DeviceID": "ACPI\\QCOM0CA4\\2&DABA3FF&0"
            },
            {
              "DeviceName": "Qualcomm(R) USB4(TM) Host Router Bus",
              "Manufacturer": "Qualcomm Technologies, Inc.",
              "DriverVersion": "1.0.4160.6000",
              "DriverDate": "/Date(1730160000000)/",
              "InfName": "oem229.inf",
              "DeviceID": "ACPI\\QCOM0C6D\\2&DABA3FF&0"
            },
            {
              "DeviceName": "Qualcomm(R) All-Ways Aware(TM) Sensor Platform Device",
              "Manufacturer": "Qualcomm",
              "DriverVersion": "6982.1.0.0",
              "DriverDate": "/Date(1724716800000)/",
              "InfName": "oem346.inf",
              "DeviceID": "ACPI\\MSHW0474\\2&DABA3FF&0"
            },
            {
              "DeviceName": "Qualcomm(R) All-Ways Aware(TM) Sensor Platform Device",
              "Manufacturer": "Qualcomm",
              "DriverVersion": "6982.1.0.0",
              "DriverDate": "/Date(1724716800000)/",
              "InfName": "oem346.inf",
              "DeviceID": "ACPI\\MSHW0473\\2&DABA3FF&0"
            },
            {
              "DeviceName": "Qualcomm(R) EVA Device",
              "Manufacturer": "Qualcomm Inc.",
              "DriverVersion": "1.0.4237.8400",
              "DriverDate": "/Date(1739664000000)/",
              "InfName": "oem51.inf",
              "DeviceID": "ACPI\\QCOM0CF1\\1E"
            },
            {
              "DeviceName": "Qualcomm(R) Spectra(TM) 395 SecureISP Device",
              "Manufacturer": "Qualcomm Inc.",
              "DriverVersion": "1.0.4422.300",
              "DriverDate": "/Date(1757030400000)/",
              "InfName": "oem222.inf",
              "DeviceID": "ACPI\\QCOM0CCC\\19"
            },
            {
              "DeviceName": "Qualcomm(R) Spectra(TM) 695 ISP Camera Device",
              "Manufacturer": "Qualcomm Inc.",
              "DriverVersion": "1.0.4422.300",
              "DriverDate": "/Date(1757030400000)/",
              "InfName": "oem261.inf",
              "DeviceID": "ACPI\\VEN_QCOM&DEV_0C25&SUBSYS_CRD08380&REV_0000\\16"
            },
            {
              "DeviceName": "Qualcomm(R) Spectra(TM) 695 ISP Camera JPEG Encoder Device",
              "Manufacturer": "Qualcomm",
              "DriverVersion": "1.0.4422.300",
              "DriverDate": "/Date(1757030400000)/",
              "InfName": "oem263.inf",
              "DeviceID": "ACPI\\QCOM0C33\\17"
            },
            {
              "DeviceName": "Qualcomm(R) Spectra(TM) 695 ISP Camera MipiCsi Device",
              "Manufacturer": "Qualcomm Inc.",
              "DriverVersion": "1.0.4422.300",
              "DriverDate": "/Date(1757030400000)/",
              "InfName": "oem269.inf",
              "DeviceID": "ACPI\\VEN_QCOM&DEV_0C98&SUBSYS_CRD08380&REV_0000\\18"
            },
            {
              "DeviceName": "Qualcomm(R) Spectra(TM) 695 ISP Camera Flash Device",
              "Manufacturer": "Qualcomm Inc.",
              "DriverVersion": "1.0.4422.300",
              "DriverDate": "/Date(1757030400000)/",
              "InfName": "oem260.inf",
              "DeviceID": "ACPI\\QCOM0C27\\19"
            },
            {
              "DeviceName": "Qualcomm(R) Spectra(TM) 695 ISP Camera Auxiliary Sensor Device",
              "Manufacturer": "Qualcomm Incorporated",
              "DriverVersion": "1.0.4422.301",
              "DriverDate": "/Date(1759708800000)/",
              "InfName": "oem287.inf",
              "DeviceID": "ACPI\\VEN_SMO&DEV_55F0&SUBSYS_MSHW0472&REV_0000\\1C"
            },
            {
              "DeviceName": "Qualcomm(R) Spectra(TM) 695 ISP Camera Front Sensor Device",
              "Manufacturer": "Qualcomm Incorporated",
              "DriverVersion": "1.0.4422.301",
              "DriverDate": "/Date(1759708800000)/",
              "InfName": "oem293.inf",
              "DeviceID": "ACPI\\VEN_OVTI&DEV_02C1&SUBSYS_MSHW0470&REV_0000\\1A"
            },
            {
              "DeviceName": "Qualcomm(R) Spectra(TM) 695 ISP Camera Platform Device",
              "Manufacturer": "Qualcomm Inc.",
              "DriverVersion": "1.0.4422.300",
              "DriverDate": "/Date(1757030400000)/",
              "InfName": "oem273.inf",
              "DeviceID": "ACPI\\QCOM0C32\\1B"
            },
            {
              "DeviceName": "Qualcomm(R) DCF Device",
              "Manufacturer": "Qualcomm",
              "DriverVersion": "1.0.4160.6000",
              "DriverDate": "/Date(1730160000000)/",
              "InfName": "oem29.inf",
              "DeviceID": "ACPI\\QCOM06E7\\2&DABA3FF&0"
            },
            {
              "DeviceName": "Qualcomm(R) SSG Secure Services Device",
              "Manufacturer": "Qualcomm",
              "DriverVersion": "1.0.4160.6000",
              "DriverDate": "/Date(1730160000000)/",
              "InfName": "oem206.inf",
              "DeviceID": "ACPI\\QCOM06D8\\0"
            },
            {
              "DeviceName": "Qualcomm(R) Subsys Thermal Mitigation Device",
              "Manufacturer": "Qualcomm Technologies, Incorporated",
              "DriverVersion": "1.0.4160.6000",
              "DriverDate": "/Date(1730160000000)/",
              "InfName": "oem57.inf",
              "DeviceID": "ACPI\\QCOM0CD5\\2&DABA3FF&0"
            },
            {
              "DeviceName": "Qualcomm(R) SOC Partition Interface Device",
              "Manufacturer": "Qualcomm Technologies Inc.",
              "DriverVersion": "1.0.4160.6000",
              "DriverDate": "/Date(1730160000000)/",
              "InfName": "oem194.inf",
              "DeviceID": "ACPI\\QCOM06DD\\2&DABA3FF&0"
            },
            {
              "DeviceName": "Qualcomm(R) System Manager Device",
              "Manufacturer": "Qualcomm",
              "DriverVersion": "1.0.4111.7400",
              "DriverDate": "/Date(1725235200000)/",
              "InfName": "oem48.inf",
              "DeviceID": "ACPI\\QCOM0CA8\\0"
            },
            {
              "DeviceName": "Qualcomm(R) Bus Device",
              "Manufacturer": "Qualcomm Technologies, Inc.",
              "DriverVersion": "1.0.4160.6000",
              "DriverDate": "/Date(1730160000000)/",
              "InfName": "oem94.inf",
              "DeviceID": "ACPI\\QCOM0C88\\2"
            },
            {
              "DeviceName": "Qualcomm(R) Bus Device",
              "Manufacturer": "Qualcomm Technologies, Inc.",
              "DriverVersion": "1.0.4160.6000",
              "DriverDate": "/Date(1730160000000)/",
              "InfName": "oem94.inf",
              "DeviceID": "ACPI\\QCOM0C88\\1"
            },
            {
              "DeviceName": "Qualcomm(R) Bus Device",
              "Manufacturer": "Qualcomm Technologies, Inc.",
              "DriverVersion": "1.0.4160.6000",
              "DriverDate": "/Date(1730160000000)/",
              "InfName": "oem94.inf",
              "DeviceID": "ACPI\\QCOM0C88\\0"
            },
            {
              "DeviceName": "ACPI Processor Container Device",
              "Manufacturer": "(Standard system devices)",
              "DriverVersion": "10.0.26100.1",
              "DriverDate": "/Date(1150848000000)/",
              "InfName": "machine.inf",
              "DeviceID": "ACPI\\ACPI0010\\12"
            },
            {
              "DeviceName": "ACPI Processor Container Device",
              "Manufacturer": "(Standard system devices)",
              "DriverVersion": "10.0.26100.1",
              "DriverDate": "/Date(1150848000000)/",
              "InfName": "machine.inf",
              "DeviceID": "ACPI\\ACPI0010\\11"
            },
            {
              "DeviceName": "ACPI Processor Container Device",
              "Manufacturer": "(Standard system devices)",
              "DriverVersion": "10.0.26100.1",
              "DriverDate": "/Date(1150848000000)/",
              "InfName": "machine.inf",
              "DeviceID": "ACPI\\ACPI0010\\10"
            },
            {
              "DeviceName": "ACPI Processor Container Device",
              "Manufacturer": "(Standard system devices)",
              "DriverVersion": "10.0.26100.1",
              "DriverDate": "/Date(1150848000000)/",
              "InfName": "machine.inf",
              "DeviceID": "ACPI\\ACPI0010\\100000"
            },
            {
              "DeviceName": "Qualcomm Secure Processor Device",
              "Manufacturer": "Qualcomm Technologies Inc.",
              "DriverVersion": "1.0.4338.2200",
              "DriverDate": "/Date(1748822400000)/",
              "InfName": "oem113.inf",
              "DeviceID": "ACPI\\QCOM0C87\\2&DABA3FF&0"
            },
            {
              "DeviceName": "Snapdragon(R) X Plus - X1P64100 - Qualcomm(R) Hexagon(TM) NPU",
              "Manufacturer": "Qualcomm Technologies, Inc.",
              "DriverVersion": "30.0.219.1000",
              "DriverDate": "/Date(1762646400000)/",
              "InfName": "oem276.inf",
              "DeviceID": "ACPI\\QCOM0D0A\\2&DABA3FF&0"
            },
            {
              "DeviceName": "Qualcomm(R) Audio RPC Daemon Device",
              "Manufacturer": "Qualcomm Technologies, Inc.",
              "DriverVersion": "1.0.4338.2200",
              "DriverDate": "/Date(1748822400000)/",
              "InfName": "oem75.inf",
              "DeviceID": "ACPI\\QCOM0C82\\2&DABA3FF&0"
            },
            {
              "DeviceName": "Qualcomm(R) FastRPC Device",
              "Manufacturer": "Qualcomm Technologies, Inc.",
              "DriverVersion": "1.0.4338.2200",
              "DriverDate": "/Date(1748822400000)/",
              "InfName": "oem26.inf",
              "DeviceID": "ACPI\\QCOM0C5C\\2&DABA3FF&0"
            },
            {
              "DeviceName": "Qualcomm Shared Memory Port Device",
              "Manufacturer": "Qualcomm Inc.",
              "DriverVersion": "1.0.4219.5800",
              "DriverDate": "/Date(1737763200000)/",
              "InfName": "oem93.inf",
              "DeviceID": "ACPI\\QCOM0C84\\0"
            },
            {
              "DeviceName": "Qualcomm(R) Data IPC Router Device",
              "Manufacturer": "Qualcomm Incorporated",
              "DriverVersion": "1.0.4160.6000",
              "DriverDate": "/Date(1730160000000)/",
              "InfName": "oem154.inf",
              "DeviceID": "ACPI\\QCOM0C0D\\2&DABA3FF&0"
            },
            {
              "DeviceName": "Qualcomm(R) FastConnect(TM) 7800 Mobile Connectivity System",
              "Manufacturer": "Qualcomm Communications Inc.",
              "DriverVersion": "1.0.4374.1300",
              "DriverDate": "/Date(1752451200000)/",
              "InfName": "oem115.inf",
              "DeviceID": "PCI\\VEN_17CB&DEV_1107&SUBSYS_110717CB&REV_01\\4&CDACDEC&0&0000"
            },
            {
              "DeviceName": "Qualcomm(R) PCIe Platform Extension Plugin",
              "Manufacturer": "(Standard system devices)",
              "DriverVersion": "1.0.4196.6900",
              "DriverDate": "/Date(1734393600000)/",
              "InfName": "oem183.inf",
              "DeviceID": "ACPI\\QCOM0C96\\0"
            },
            {
              "DeviceName": "Qualcomm(R) Inter Processor Communication Interrupt Device",
              "Manufacturer": "Qualcomm Incorporated",
              "DriverVersion": "1.0.4160.6000",
              "DriverDate": "/Date(1730160000000)/",
              "InfName": "oem152.inf",
              "DeviceID": "ACPI\\QCOM06C2\\0"
            },
            {
              "DeviceName": "Qualcomm(R) System Manager GPIO Device",
              "Manufacturer": "Qualcomm Inc.",
              "DriverVersion": "1.0.4160.6000",
              "DriverDate": "/Date(1730160000000)/",
              "InfName": "oem95.inf",
              "DeviceID": "ACPI\\QCOM0C0C\\0"
            },
            {
              "DeviceName": "Qualcomm(R) SPMI Bus Device",
              "Manufacturer": "Qualcomm Inc.",
              "DriverVersion": "1.0.4160.6000",
              "DriverDate": "/Date(1730160000000)/",
              "InfName": "oem202.inf",
              "DeviceID": "ACPI\\QCOM0C0B\\1"
            },
            {
              "DeviceName": "Qualcomm(R) System Manager Device",
              "Manufacturer": "Qualcomm Inc.",
              "DriverVersion": "1.0.4338.2200",
              "DriverDate": "/Date(1748822400000)/",
              "InfName": "oem119.inf",
              "DeviceID": "ACPI\\QCOM04DE\\0"
            },
            {
              "DeviceName": "Qualcomm(R) System Manager Secapp Device",
              "Manufacturer": "Qualcomm Inc.",
              "DriverVersion": "1.0.4338.2200",
              "DriverDate": "/Date(1748822400000)/",
              "InfName": "oem110.inf",
              "DeviceID": "ACPI\\QCOM0CE4\\0"
            },
            {
              "DeviceName": "Qualcomm(R) System Manager SCM Device",
              "Manufacturer": "Qualcomm Inc.",
              "DriverVersion": "1.0.4160.6000",
              "DriverDate": "/Date(1730160000000)/",
              "InfName": "oem187.inf",
              "DeviceID": "ACPI\\QCOM04DD\\0"
            },
            {
              "DeviceName": "Qualcomm(R) Spectra(TM) 695 ISP Camera AVStream Device",
              "Manufacturer": "Qualcomm",
              "DriverVersion": "1.0.4422.301",
              "DriverDate": "/Date(1759708800000)/",
              "InfName": "oem288.inf",
              "DeviceID": "DISPLAY\\QCOM_AVSTREAM_8380\\3&5E9CBA8&0&UID32768"
            },
            {
              "DeviceName": "Qualcomm(R) Display Services",
              "Manufacturer": "Qualcomm Incorporated",
              "DriverVersion": "1.0.4227.8600",
              "DriverDate": "/Date(1737763200000)/",
              "InfName": "oem277.inf",
              "DeviceID": "SWD\\DRIVERENUM\\{17712798-2541-1623-4249-157167142812}#QCDPPSLIBRARY&3&5E9CBA8&0"
            },
            {
              "DeviceName": "Qualcomm(R) Adreno(TM) X1-85 GPU",
              "Manufacturer": "Qualcomm Incorporated",
              "DriverVersion": "31.0.112.0",
              "DriverDate": "/Date(1748822400000)/",
              "InfName": "oem213.inf",
              "DeviceID": "ACPI\\VEN_QCOM&DEV_0C36&SUBSYS_IDP08380&REV_008A\\0"
            },
            {
              "DeviceName": "Qualcomm(R) IOMMU Device",
              "Manufacturer": "Qualcomm Inc.",
              "DriverVersion": "1.0.4160.6000",
              "DriverDate": "/Date(1730160000000)/",
              "InfName": "oem137.inf",
              "DeviceID": "ACPI\\QCOM068F\\1"
            },
            {
              "DeviceName": "Qualcomm(R) IOMMU Device",
              "Manufacturer": "Qualcomm Inc.",
              "DriverVersion": "1.0.4160.6000",
              "DriverDate": "/Date(1730160000000)/",
              "InfName": "oem137.inf",
              "DeviceID": "ACPI\\QCOM068F\\0"
            },
            {
              "DeviceName": "Qualcomm System MMU Device",
              "Manufacturer": "Qualcomm Inc.",
              "DriverVersion": "1.0.4160.6000",
              "DriverDate": "/Date(1730160000000)/",
              "InfName": "oem192.inf",
              "DeviceID": "ACPI\\VEN_QCOM&DEV_0C09&SUBSYS_CRD08380&REV_0002\\1"
            },
            {
              "DeviceName": "Qualcomm System MMU Device",
              "Manufacturer": "Qualcomm Inc.",
              "DriverVersion": "1.0.4160.6000",
              "DriverDate": "/Date(1730160000000)/",
              "InfName": "oem192.inf",
              "DeviceID": "ACPI\\VEN_QCOM&DEV_0C09&SUBSYS_CRD08380&REV_0002\\0"
            },
            {
              "DeviceName": "Qualcomm System Cache Device",
              "Manufacturer": "Qualcomm Inc.",
              "DriverVersion": "1.0.4196.6900",
              "DriverDate": "/Date(1734393600000)/",
              "InfName": "oem209.inf",
              "DeviceID": "ACPI\\VEN_QCOM&DEV_0C83&SUBSYS_CRD08380&REV_0002\\2&DABA3FF&0"
            },
            {
              "DeviceName": "Qualcomm(R) Secure Kernel Extension",
              "Manufacturer": "Qualcomm Incorporated",
              "DriverVersion": "1.0.4293.7000",
              "DriverDate": "/Date(1744848000000)/",
              "InfName": "oem112.inf",
              "DeviceID": "ACPI\\QCOM0CAC\\2&DABA3FF&0"
            },
            {
              "DeviceName": "Qualcomm(R) TFTP Device",
              "Manufacturer": "Qualcomm Technologies, Incorporated",
              "DriverVersion": "1.0.4237.8400",
              "DriverDate": "/Date(1739664000000)/",
              "InfName": "oem212.inf",
              "DeviceID": "ACPI\\QCOM06DC\\2&DABA3FF&0"
            },
            {
              "DeviceName": "Qualcomm Secure Processor Subsystem Device",
              "Manufacturer": "Qualcomm Technologies, Incorporated",
              "DriverVersion": "2.0.4478.2200",
              "DriverDate": "/Date(1762646400000)/",
              "InfName": "oem240.inf",
              "DeviceID": "ACPI\\QCOM0C8D\\2&DABA3FF&0"
            },
            {
              "DeviceName": "Qualcomm(R) Subsys Base Thermal Mitigation Device",
              "Manufacturer": "Qualcomm Technologies, Incorporated",
              "DriverVersion": "1.0.4160.6000",
              "DriverDate": "/Date(1730160000000)/",
              "InfName": "oem57.inf",
              "DeviceID": "ACPI\\QCOM06E5\\2&DABA3FF&0"
            },
            {
              "DeviceName": "Qualcomm(R) Subsys Thermal Mitigation Device",
              "Manufacturer": "Qualcomm Technologies, Incorporated",
              "DriverVersion": "1.0.4160.6000",
              "DriverDate": "/Date(1730160000000)/",
              "InfName": "oem57.inf",
              "DeviceID": "ACPI\\QCOM0CC3\\2&DABA3FF&0"
            },
            {
              "DeviceName": "Qualcomm Compute DSP Subsystem Device",
              "Manufacturer": "Qualcomm Technologies, Incorporated",
              "DriverVersion": "2.0.4478.2200",
              "DriverDate": "/Date(1762646400000)/",
              "InfName": "oem240.inf",
              "DeviceID": "ACPI\\QCOM0CB0\\2&DABA3FF&0"
            },
            {
              "DeviceName": "Qualcomm(R) Protection Domain Service Registry Device",
              "Manufacturer": "Qualcomm Incorporated",
              "DriverVersion": "1.0.4160.6000",
              "DriverDate": "/Date(1730160000000)/",
              "InfName": "oem157.inf",
              "DeviceID": "ACPI\\VEN_QCOM&DEV_06DF&SUBSYS_CRD08380&REV_0008\\2&DABA3FF&0"
            },
            {
              "DeviceName": "Qualcomm Subsystem Dependency Device",
              "Manufacturer": "Qualcomm Technologies, Incorporated",
              "DriverVersion": "2.0.4478.2200",
              "DriverDate": "/Date(1762646400000)/",
              "InfName": "oem240.inf",
              "DeviceID": "ACPI\\QCOM0C20\\2&DABA3FF&0"
            },
            {
              "DeviceName": "Qualcomm ASD Audio Proxy APO",
              "Manufacturer": "QUALCOMM",
              "DriverVersion": "1.0.4281.8500",
              "DriverDate": "/Date(1744070400000)/",
              "InfName": "oem182.inf",
              "DeviceID": "SWD\\DRIVERENUM\\ASDPROXYAPO&6&1288D27E&0"
            },
            {
              "DeviceName": "Qualcomm(R) Aqstic(TM) ACX Static Endpoints Audio Device",
              "Manufacturer": "Microsoft",
              "DriverVersion": "1.0.4281.8500",
              "DriverDate": "/Date(1744070400000)/",
              "InfName": "oem176.inf",
              "DeviceID": "QCASD\\STATICENDPOINTDEVICE0\\5&24050019&0&0"
            },
            {
              "DeviceName": "Qualcomm ASD Audio Proxy APO",
              "Manufacturer": "QUALCOMM",
              "DriverVersion": "1.0.4281.8500",
              "DriverDate": "/Date(1744070400000)/",
              "InfName": "oem182.inf",
              "DeviceID": "SWD\\DRIVERENUM\\ASDPROXYAPO&5&24050019&0"
            },
            {
              "DeviceName": "Qualcomm(R) Aqstic(TM) ACX Audio Device",
              "Manufacturer": "Microsoft",
              "DriverVersion": "1.0.4281.8500",
              "DriverDate": "/Date(1744070400000)/",
              "InfName": "oem176.inf",
              "DeviceID": "ADCM\\VEN_QCOM&DEV_0CE6&SUBSYS_MSHW0462&REV_0A\\4&2A777998&0&1"
            },
            {
              "DeviceName": "Qualcomm Audio Proxy APO",
              "Manufacturer": "QUALCOMM",
              "DriverVersion": "1.0.4281.8500",
              "DriverDate": "/Date(1744070400000)/",
              "InfName": "oem200.inf",
              "DeviceID": "SWD\\DRIVERENUM\\{F5E603DE-5801-48AD-83F2-9E0666B0A340}#PROXYAPO&6&11D9B152&0"
            },
            {
              "DeviceName": "Qualcomm Audio Proxy APO",
              "Manufacturer": "QUALCOMM",
              "DriverVersion": "1.0.4281.8500",
              "DriverDate": "/Date(1744070400000)/",
              "InfName": "oem200.inf",
              "DeviceID": "SWD\\DRIVERENUM\\PROXYAPO&6&11D9B152&0"
            },
            {
              "DeviceName": "Qualcomm(R) Aqstic(TM) Audio Adapter Device",
              "Manufacturer": "Microsoft",
              "DriverVersion": "1.0.4281.8500",
              "DriverDate": "/Date(1744070400000)/",
              "InfName": "oem210.inf",
              "DeviceID": "AUCD\\VEN_QCOM&DEV_0C29&SUBSYS_MSHW0462&REV_0A\\5&2A32BB88&0&0"
            },
            {
              "DeviceName": "Qualcomm(R) Aqstic(TM)",
              "Manufacturer": "(Standard system devices)",
              "DriverVersion": "1.0.4338.2200",
              "DriverDate": "/Date(1748822400000)/",
              "InfName": "oem186.inf",
              "DeviceID": "ADCM\\VEN_QCOM&DEV_0CC1&SUBSYS_MSHW0462&REV_0A\\4&2A777998&0&0"
            },
            {
              "DeviceName": "Qualcomm(R) Aqstic(TM) Audio DSP and Calibration Manager",
              "Manufacturer": "Qualcomm Technologies, Inc.",
              "DriverVersion": "1.0.4281.8500",
              "DriverDate": "/Date(1744848000000)/",
              "InfName": "oem25.inf",
              "DeviceID": "ADSP\\VEN_QCOM&DEV_0C22&SUBSYS_MSHW0462&REV_0A\\3&D1F2880&0&0"
            },
            {
              "DeviceName": "Qualcomm(R) Slimbus Device",
              "Manufacturer": "Qualcomm Inc.",
              "DriverVersion": "1.0.4160.6000",
              "DriverDate": "/Date(1730160000000)/",
              "InfName": "oem191.inf",
              "DeviceID": "ADSP\\VEN_QCOM&DEV_0C0F&SUBSYS_MSHW0462&REV_0A\\3&D1F2880&0&0"
            },
            {
              "DeviceName": "Qualcomm Audio DSP Subsystem Device",
              "Manufacturer": "Qualcomm Technologies, Incorporated",
              "DriverVersion": "2.0.4478.2200",
              "DriverDate": "/Date(1762646400000)/",
              "InfName": "oem240.inf",
              "DeviceID": "ACPI\\VEN_QCOM&DEV_0C1B&SUBSYS_MSHW0462&REV_000A\\2&DABA3FF&0"
            },
            {
              "DeviceName": "Qualcomm(R) System Manager Device",
              "Manufacturer": "Qualcomm Incorporated",
              "DriverVersion": "1.0.4216.6600",
              "DriverDate": "/Date(1736640000000)/",
              "InfName": "oem44.inf",
              "DeviceID": "ACPI\\QCOM0C2F\\2&DABA3FF&0"
            },
            {
              "DeviceName": "Qualcomm(R) Peripheral Image Loader Device",
              "Manufacturer": "Qualcomm Incorporated",
              "DriverVersion": "1.0.4281.8500",
              "DriverDate": "/Date(1744070400000)/",
              "InfName": "oem99.inf",
              "DeviceID": "ACPI\\VEN_QCOM&DEV_06E0&SUBSYS_CRD08380&REV_0008\\2&DABA3FF&0"
            },
            {
              "DeviceName": "Qualcomm(R) Reset Power Error Notifier Device",
              "Manufacturer": "Qualcomm Incorporated",
              "DriverVersion": "1.0.4160.6000",
              "DriverDate": "/Date(1730160000000)/",
              "InfName": "oem185.inf",
              "DeviceID": "ACPI\\QCOM06E1\\2&DABA3FF&0"
            },
            {
              "DeviceName": "Qualcomm(R) Bus Device",
              "Manufacturer": "Qualcomm Technologies, Inc.",
              "DriverVersion": "1.0.4160.6000",
              "DriverDate": "/Date(1730160000000)/",
              "InfName": "oem217.inf",
              "DeviceID": "ACPI\\QCOM0C16\\16"
            },
            {
              "DeviceName": "Qualcomm(R) SPI Bus Device",
              "Manufacturer": "Qualcomm Technologies, Inc.",
              "DriverVersion": "1.0.4160.6000",
              "DriverDate": "/Date(1730160000000)/",
              "InfName": "oem201.inf",
              "DeviceID": "ACPI\\QCOM0C0E\\14"
            },
            {
              "DeviceName": "Qualcomm(R) Bus Device",
              "Manufacturer": "Qualcomm Technologies, Inc.",
              "DriverVersion": "1.0.4160.6000",
              "DriverDate": "/Date(1730160000000)/",
              "InfName": "oem217.inf",
              "DeviceID": "ACPI\\QCOM0C16\\F"
            },
            {
              "DeviceName": "Qualcomm(R) SPI Bus Device",
              "Manufacturer": "Qualcomm Technologies, Inc.",
              "DriverVersion": "1.0.4160.6000",
              "DriverDate": "/Date(1730160000000)/",
              "InfName": "oem201.inf",
              "DeviceID": "ACPI\\QCOM0C0E\\B"
            },
            {
              "DeviceName": "Qualcomm(R) I2C Bus Device",
              "Manufacturer": "Qualcomm Inc.",
              "DriverVersion": "1.0.4160.6000",
              "DriverDate": "/Date(1730160000000)/",
              "InfName": "oem134.inf",
              "DeviceID": "ACPI\\QCOM0C10\\9"
            },
            {
              "DeviceName": "Qualcomm(R) I2C Bus Device",
              "Manufacturer": "Qualcomm Inc.",
              "DriverVersion": "1.0.4160.6000",
              "DriverDate": "/Date(1730160000000)/",
              "InfName": "oem134.inf",
              "DeviceID": "ACPI\\QCOM0C10\\8"
            },
            {
              "DeviceName": "Qualcomm(R) I2C Bus Device",
              "Manufacturer": "Qualcomm Inc.",
              "DriverVersion": "1.0.4160.6000",
              "DriverDate": "/Date(1730160000000)/",
              "InfName": "oem134.inf",
              "DeviceID": "ACPI\\QCOM0C10\\6"
            },
            {
              "DeviceName": "Qualcomm(R) I2C Bus Device",
              "Manufacturer": "Qualcomm Inc.",
              "DriverVersion": "1.0.4160.6000",
              "DriverDate": "/Date(1730160000000)/",
              "InfName": "oem134.inf",
              "DeviceID": "ACPI\\QCOM0C10\\5"
            },
            {
              "DeviceName": "Qualcomm(R) I2C Bus Device",
              "Manufacturer": "Qualcomm Inc.",
              "DriverVersion": "1.0.4160.6000",
              "DriverDate": "/Date(1730160000000)/",
              "InfName": "oem134.inf",
              "DeviceID": "ACPI\\QCOM0C10\\4"
            },
            {
              "DeviceName": "Qualcomm(R) Bus Device",
              "Manufacturer": "Qualcomm Technologies, Inc.",
              "DriverVersion": "1.0.4160.6000",
              "DriverDate": "/Date(1730160000000)/",
              "InfName": "oem217.inf",
              "DeviceID": "ACPI\\QCOM0C16\\3"
            },
            {
              "DeviceName": "Qualcomm(R) I2C Bus Device",
              "Manufacturer": "Qualcomm Inc.",
              "DriverVersion": "1.0.4160.6000",
              "DriverDate": "/Date(1730160000000)/",
              "InfName": "oem134.inf",
              "DeviceID": "ACPI\\QCOM0C10\\1"
            },
            {
              "DeviceName": "Qualcomm(R) Bam Bus Device",
              "Manufacturer": "Qualcomm Inc.",
              "DriverVersion": "1.0.4160.6000",
              "DriverDate": "/Date(1730160000000)/",
              "InfName": "oem155.inf",
              "DeviceID": "ACPI\\QCOM0C0A\\5"
            },
            {
              "DeviceName": "Qualcomm(R) Bam Bus Device",
              "Manufacturer": "Qualcomm Inc.",
              "DriverVersion": "1.0.4160.6000",
              "DriverDate": "/Date(1730160000000)/",
              "InfName": "oem155.inf",
              "DeviceID": "ACPI\\QCOM0C0A\\1"
            },
            {
              "DeviceName": "Qualcomm Power Engine Plug-in Device",
              "Manufacturer": "Qualcomm Inc.",
              "DriverVersion": "1.0.4196.6900",
              "DriverDate": "/Date(1734393600000)/",
              "InfName": "oem164.inf",
              "DeviceID": "ACPI\\VEN_QCOM&DEV_0C17&SUBSYS_CRD08380&REV_008A\\2&DABA3FF&0"
            },
            {
              "DeviceName": "Qualcomm(R) Power Management PMIC GLink Device",
              "Manufacturer": "Qualcomm Incorporated",
              "DriverVersion": "1.0.4175.2700",
              "DriverDate": "/Date(1732060800000)/",
              "InfName": "oem178.inf",
              "DeviceID": "ACPI\\QCOM0C8E\\2&DABA3FF&0"
            },
            {
              "DeviceName": "Qualcomm(R) Power Management FGBCL Device",
              "Manufacturer": "Qualcomm Inc.",
              "DriverVersion": "1.0.4160.6000",
              "DriverDate": "/Date(1730160000000)/",
              "InfName": "oem58.inf",
              "DeviceID": "ACPI\\QCOM0C77\\2&DABA3FF&0"
            },
            {
              "DeviceName": "Qualcomm(R) Power Management PMIC Apps Device",
              "Manufacturer": "Qualcomm Inc.",
              "DriverVersion": "1.0.4281.8500",
              "DriverDate": "/Date(1744070400000)/",
              "InfName": "oem108.inf",
              "DeviceID": "ACPI\\QCOM0C2C\\2&DABA3FF&0"
            },
            {
              "DeviceName": "Qualcomm(R) System Manager PMIC GPIO Framework Extension Device",
              "Manufacturer": "Qualcomm Inc.",
              "DriverVersion": "1.0.4160.6000",
              "DriverDate": "/Date(1730160000000)/",
              "InfName": "oem181.inf",
              "DeviceID": "ACPI\\QCOM0C2D\\1"
            },
            {
              "DeviceName": "Qualcomm(R) Power Management PMIC Device",
              "Manufacturer": "Qualcomm Inc.",
              "DriverVersion": "1.0.4166.1200",
              "DriverDate": "/Date(1730851200000)/",
              "InfName": "oem170.inf",
              "DeviceID": "ACPI\\QCOM0C2B\\2&DABA3FF&0"
            },
            {
              "DeviceName": "Qualcomm(R) ACPI Bridge Device",
              "Manufacturer": "Qualcomm Technologies Inc.",
              "DriverVersion": "1.0.4160.6000",
              "DriverDate": "/Date(1730160000000)/",
              "InfName": "oem4.inf",
              "DeviceID": "ACPI\\QCOM0427\\0"
            }
          ],
          "signed_driver_candidates_raw": {
            "cmd": [
              "powershell",
              "-NoProfile",
              "-ExecutionPolicy",
              "Bypass",
              "-Command",
              "Get-CimInstance Win32_PnPSignedDriver | Where-Object { $_.DeviceName -match 'Qualcomm|Hexagon|NPU|Neural|AI|HTP|QNN|Snapdragon' -or $_.Manufacturer -match 'Qualcomm' } | Select-Object DeviceName,Manufacturer,DriverVersion,DriverDate,InfName,DeviceID | ConvertTo-Json -Compress"
            ],
            "rc": 0,
            "stdout": "[{\"DeviceName\":\"Microsoft Input Configuration Device\",\"Manufacturer\":\"Microsoft\",\"DriverVersion\":\"10.0.26100.1\",\"DriverDate\":\"\\/Date(1150848000000)\\/\",\"InfName\":\"mtconfig.inf\",\"DeviceID\":\"HID\\\\MSHW0238\\u0026COL07\\\\3\\u0026868ECB2\\u00260\\u00260006\"},{\"DeviceName\":\"Qualcomm(R) Analog-to-Digital Converter Device\",\"Manufacturer\":\"Qualcomm Technologies, Inc.\",\"DriverVersion\":\"1.0.4160.6000\",\"DriverDate\":\"\\/Date(1730160000000)\\/\",\"InfName\":\"oem13.inf\",\"DeviceID\":\"ACPI\\\\QCOM0C11\\\\0\"},{\"DeviceName\":\"Qualcomm FastConnect 7800 Dual Bluetooth Adapter\",\"Manufacturer\":\"Qualcomm Incorporated\",\"DriverVersion\":\"1.0.4422.300\",\"DriverDate\":\"\\/Date(1757030400000)\\/\",\"InfName\":\"oem107.inf\",\"DeviceID\":\"QCA_SHB\\\\UART_H4_HMT\\\\3\\u00262DBA09C2\\u00260\\u00264097\"},{\"DeviceName\":\"Qualcomm(R) Bluetooth UART Transport Driver\",\"Manufacturer\":\"Qualcomm Atheros Communications Inc.\",\"DriverVersion\":\"1.0.4374.1301\",\"DriverDate\":\"\\/Date(1752624000000)\\/\",\"InfName\":\"oem77.inf\",\"DeviceID\":\"ACPI\\\\QCOM0C6B\\\\2\\u0026DABA3FF\\u00260\"},{\"DeviceName\":\"Qualcomm(R) Aqstic(TM) BT ACX Transport Device\",\"Manufacturer\":\"QUALCOMM\",\"DriverVersion\":\"1.0.4357.100\",\"DriverDate\":\"\\/Date(1750636800000)\\/\",\"InfName\":\"oem90.inf\",\"DeviceID\":\"ACPI\\\\QCOM0D04\\\\0\"},{\"DeviceName\":\"Qualcomm ADC Temperature Monitor Device\",\"Manufacturer\":\"Qualcomm Inc.\",\"DriverVersion\":\"1.0.4196.6900\",\"DriverDate\":\"\\/Date(1734393600000)\\/\",\"InfName\":\"oem164.inf\",\"DeviceID\":\"ACPI\\\\QCOM0C64\\\\0\"},{\"DeviceName\":\"Qualcomm ADC Temperature Monitor Device\",\"Manufacturer\":\"Qualcomm Inc.\",\"DriverVersion\":\"1.0.4196.6900\",\"DriverDate\":\"\\/Date(1734393600000)\\/\",\"InfName\":\"oem164.inf\",\"DeviceID\":\"ACPI\\\\QCOM0C63\\\\0\"},{\"DeviceName\":\"Qualcomm ADC Temperature Monitor Device\",\"Manufacturer\":\"Qualcomm Inc.\",\"DriverVersion\":\"1.0.4196.6900\",\"DriverDate\":\"\\/Date(1734393600000)\\/\",\"InfName\":\"oem164.inf\",\"DeviceID\":\"ACPI\\\\QCOM0C62\\\\0\"},{\"DeviceName\":\"Qualcomm ADC Temperature Monitor Device\",\"Manufacturer\":\"Qualcomm Inc.\",\"DriverVersion\":\"1.0.4196.6900\",\"DriverDate\":\"\\/Date(1734393600000)\\/\",\"InfName\":\"oem164.inf\",\"DeviceID\":\"ACPI\\\\QCOM0C61\\\\0\"},{\"DeviceName\":\"Qualcomm ADC Temperature Monitor Device\",\"Manufacturer\":\"Qualcomm Inc.\",\"DriverVersion\":\"1.0.4196.6900\",\"DriverDate\":\"\\/Date(1734393600000)\\/\",\"InfName\":\"oem164.inf\",\"DeviceID\":\"ACPI\\\\QCOM0C60\\\\0\"},{\"DeviceName\":\"Qualcomm ADC Temperature Monitor Device\",\"Manufacturer\":\"Qualcomm Inc.\",\"DriverVersion\":\"1.0.4196.6900\",\"DriverDate\":\"\\/Date(1734393600000)\\/\",\"InfName\":\"oem164.inf\",\"DeviceID\":\"ACPI\\\\QCOM0C5F\\\\0\"},{\"DeviceName\":\"Qualcomm ADC Temperature Monitor Device\",\"Manufacturer\":\"Qualcomm Inc.\",\"DriverVersion\":\"1.0.4196.6900\",\"DriverDate\":\"\\/Date(1734393600000)\\/\",\"InfName\":\"oem164.inf\",\"DeviceID\":\"ACPI\\\\QCOM0C5E\\\\0\"},{\"DeviceName\":\"Qualcomm Temperature Sensor Device\",\"Manufacturer\":\"Qualcomm Inc.\",\"DriverVersion\":\"1.0.4196.6900\",\"DriverDate\":\"\\/Date(1734393600000)\\/\",\"InfName\":\"oem164.inf\",\"DeviceID\":\"ACPI\\\\QCOM0C5A\\\\64\"},{\"DeviceName\":\"Qualcomm WLAN Limits Policy Device\",\"Manufacturer\":\"Qualcomm Inc.\",\"DriverVersion\":\"1.0.4196.6900\",\"DriverDate\":\"\\/Date(1734393600000)\\/\",\"InfName\":\"oem164.inf\",\"DeviceID\":\"ACPI\\\\QCOM0CFC\\\\0\"},{\"DeviceName\":\"Qualcomm Modem skin Policy Device\",\"Manufacturer\":\"Qualcomm Inc.\",\"DriverVersion\":\"1.0.4196.6900\",\"DriverDate\":\"\\/Date(1734393600000)\\/\",\"InfName\":\"oem164.inf\",\"DeviceID\":\"ACPI\\\\QCOM0CF9\\\\0\"},{\"DeviceName\":\"Qualcomm Modem BCL Policy Device\",\"Manufacturer\":\"Qualcomm Inc.\",\"DriverVersion\":\"1.0.4196.6900\",\"DriverDate\":\"\\/Date(1734393600000)\\/\",\"InfName\":\"oem164.inf\",\"DeviceID\":\"ACPI\\\\QCOM0CFB\\\\0\"},{\"DeviceName\":\"Qualcomm NSP limits Policy Device\",\"Manufacturer\":\"Qualcomm Inc.\",\"DriverVersion\":\"1.0.4196.6900\",\"DriverDate\":\"\\/Date(1734393600000)\\/\",\"InfName\":\"oem164.inf\",\"DeviceID\":\"ACPI\\\\QCOM0CF8\\\\0\"},{\"DeviceName\":\"Qualcomm GPU limits Policy Device\",\"Manufacturer\":\"Qualcomm Inc.\",\"DriverVersion\":\"1.0.4196.6900\",\"DriverDate\":\"\\/Date(1734393600000)\\/\",\"InfName\":\"oem164.inf\",\"DeviceID\":\"ACPI\\\\QCOM0CF7\\\\0\"},{\"DeviceName\":\"Qualcomm CPU DCVS Cluster 2 Policy Device\",\"Manufacturer\":\"Qualcomm Inc.\",\"DriverVersion\":\"1.0.4196.6900\",\"DriverDate\":\"\\/Date(1734393600000)\\/\",\"InfName\":\"oem164.inf\",\"DeviceID\":\"ACPI\\\\QCOM0CF6\\\\0\"},{\"DeviceName\":\"Qualcomm CPU DCVS Cluster 1 Policy Device\",\"Manufacturer\":\"Qualcomm Inc.\",\"DriverVersion\":\"1.0.4196.6900\",\"DriverDate\":\"\\/Date(1734393600000)\\/\",\"InfName\":\"oem164.inf\",\"DeviceID\":\"ACPI\\\\QCOM0CF5\\\\0\"},{\"DeviceName\":\"Qualcomm CPU DCVS Cluster 0 Policy Device\",\"Manufacturer\":\"Qualcomm Inc.\",\"DriverVersion\":\"1.0.4196.6900\",\"DriverDate\":\"\\/Date(1734393600000)\\/\",\"InfName\":\"oem164.inf\",\"DeviceID\":\"ACPI\\\\QCOM0CF4\\\\0\"},{\"DeviceName\":\"Qualcomm CPU DCVS Policy Device\",\"Manufacturer\":\"Qualcomm Inc.\",\"DriverVersion\":\"1.0.4196.6900\",\"DriverDate\":\"\\/Date(1734393600000)\\/\",\"InfName\":\"oem164.inf\",\"DeviceID\":\"ACPI\\\\QCOM0CF3\\\\0\"},{\"DeviceName\":\"Qualcomm CPU Core parking Policy Device\",\"Manufacturer\":\"Qualcomm Inc.\",\"DriverVersion\":\"1.0.4196.6900\",\"DriverDate\":\"\\/Date(1734393600000)\\/\",\"InfName\":\"oem164.inf\",\"DeviceID\":\"ACPI\\\\QCOM0CF2\\\\0\"},{\"DeviceName\":\"Qualcomm Temperature Sensor Device\",\"Manufacturer\":\"Qualcomm Inc.\",\"DriverVersion\":\"1.0.4196.6900\",\"DriverDate\":\"\\/Date(1734393600000)\\/\",\"InfName\":\"oem164.inf\",\"DeviceID\":\"ACPI\\\\QCOM0CBF\\\\1\"},{\"DeviceName\":\"Qualcomm Temperature Sensor Device\",\"Manufacturer\":\"Qualcomm Inc.\",\"DriverVersion\":\"1.0.4196.6900\",\"DriverDate\":\"\\/Date(1734393600000)\\/\",\"InfName\":\"oem164.inf\",\"DeviceID\":\"ACPI\\\\QCOM0C91\\\\0\"},{\"DeviceName\":\"Qualcomm Temperature Sensor Device\",\"Manufacturer\":\"Qualcomm Inc.\",\"DriverVersion\":\"1.0.4196.6900\",\"DriverDate\":\"\\/Date(1734393600000)\\/\",\"InfName\":\"oem164.inf\",\"DeviceID\":\"ACPI\\\\QCOM0D01\\\\1\"},{\"DeviceName\":\"Qualcomm Temperature Sensor Device\",\"Manufacturer\":\"Qualcomm Inc.\",\"DriverVersion\":\"1.0.4196.6900\",\"DriverDate\":\"\\/Date(1734393600000)\\/\",\"InfName\":\"oem164.inf\",\"DeviceID\":\"ACPI\\\\QCOM0D01\\\\0\"},{\"DeviceName\":\"Qualcomm Temperature Sensor Device\",\"Manufacturer\":\"Qualcomm Inc.\",\"DriverVersion\":\"1.0.4196.6900\",\"DriverDate\":\"\\/Date(1734393600000)\\/\",\"InfName\":\"oem164.inf\",\"DeviceID\":\"ACPI\\\\QCOM0C59\\\\1\"},{\"DeviceName\":\"Qualcomm Temperature Sensor Device\",\"Manufacturer\":\"Qualcomm Inc.\",\"DriverVersion\":\"1.0.4196.6900\",\"DriverDate\":\"\\/Date(1734393600000)\\/\",\"InfName\":\"oem164.inf\",\"DeviceID\":\"ACPI\\\\QCOM0C59\\\\0\"},{\"DeviceName\":\"Qualcomm Temperature Sensor Device\",\"Manufacturer\":\"Qualcomm Inc.\",\"DriverVersion\":\"1.0.4196.6900\",\"DriverDate\":\"\\/Date(1734393600000)\\/\",\"InfName\":\"oem164.inf\",\"DeviceID\":\"ACPI\\\\QCOM0C58\\\\1\"},{\"DeviceName\":\"Qualcomm Temperature Sensor Device\",\"Manufacturer\":\"Qualcomm Inc.\",\"DriverVersion\":\"1.0.4196.6900\",\"DriverDate\":\"\\/Date(1734393600000)\\/\",\"InfName\":\"oem164.inf\",\"DeviceID\":\"ACPI\\\\QCOM0C58\\\\0\"},{\"DeviceName\":\"Qualcomm(R) USB Type-C Device\",\"Manufacturer\":\"Qualcomm Technologies, Inc.\",\"DriverVersion\":\"1.0.4338.2200\",\"DriverDate\":\"\\/Date(1748822400000)\\/\",\"InfName\":\"oem126.inf\",\"DeviceID\":\"ACPI\\\\QCOM0CA4\\\\2\\u0026DABA3FF\\u00260\"},{\"DeviceName\":\"Qualcomm(R) USB4(TM) Host Router Bus\",\"Manufacturer\":\"Qualcomm Technologies, Inc.\",\"DriverVersion\":\"1.0.4160.6000\",\"DriverDate\":\"\\/Date(1730160000000)\\/\",\"InfName\":\"oem229.inf\",\"DeviceID\":\"ACPI\\\\QCOM0C6D\\\\2\\u0026DABA3FF\\u00260\"},{\"DeviceName\":\"Qualcomm(R) All-Ways Aware(TM) Sensor Platform Device\",\"Manufacturer\":\"Qualcomm\",\"DriverVersion\":\"6982.1.0.0\",\"DriverDate\":\"\\/Date(1724716800000)\\/\",\"InfName\":\"oem346.inf\",\"DeviceID\":\"ACPI\\\\MSHW0474\\\\2\\u0026DABA3FF\\u00260\"},{\"DeviceName\":\"Qualcomm(R) All-Ways Aware(TM) Sensor Platform Device\",\"Manufacturer\":\"Qualcomm\",\"DriverVersion\":\"6982.1.0.0\",\"DriverDate\":\"\\/Date(1724716800000)\\/\",\"InfName\":\"oem346.inf\",\"DeviceID\":\"ACPI\\\\MSHW0473\\\\2\\u0026DABA3FF\\u00260\"},{\"DeviceName\":\"Qualcomm(R) EVA Device\",\"Manufacturer\":\"Qualcomm Inc.\",\"DriverVersion\":\"1.0.4237.8400\",\"DriverDate\":\"\\/Date(1739664000000)\\/\",\"InfName\":\"oem51.inf\",\"DeviceID\":\"ACPI\\\\QCOM0CF1\\\\1E\"},{\"DeviceName\":\"Qualcomm(R) Spectra(TM) 395 SecureISP Device\",\"Manufacturer\":\"Qualcomm Inc.\",\"DriverVersion\":\"1.0.4422.300\",\"DriverDate\":\"\\/Date(1757030400000)\\/\",\"InfName\":\"oem222.inf\",\"DeviceID\":\"ACPI\\\\QCOM0CCC\\\\19\"},{\"DeviceName\":\"Qualcomm(R) Spectra(TM) 695 ISP Camera Device\",\"Manufacturer\":\"Qualcomm Inc.\",\"DriverVersion\":\"1.0.4422.300\",\"DriverDate\":\"\\/Date(1757030400000)\\/\",\"InfName\":\"oem261.inf\",\"DeviceID\":\"ACPI\\\\VEN_QCOM\\u0026DEV_0C25\\u0026SUBSYS_CRD08380\\u0026REV_0000\\\\16\"},{\"DeviceName\":\"Qualcomm(R) Spectra(TM) 695 ISP Camera JPEG Encoder Device\",\"Manufacturer\":\"Qualcomm\",\"DriverVersion\":\"1.0.4422.300\",\"DriverDate\":\"\\/Date(1757030400000)\\/\",\"InfName\":\"oem263.inf\",\"DeviceID\":\"ACPI\\\\QCOM0C33\\\\17\"},{\"DeviceName\":\"Qualcomm(R) Spectra(TM) 695 ISP Camera MipiCsi Device\",\"Manufacturer\":\"Qualcomm Inc.\",\"DriverVersion\":\"1.0.4422.300\",\"DriverDate\":\"\\/Date(1757030400000)\\/\",\"InfName\":\"oem269.inf\",\"DeviceID\":\"ACPI\\\\VEN_QCOM\\u0026DEV_0C98\\u0026SUBSYS_CRD08380\\u0026REV_0000\\\\18\"},{\"DeviceName\":\"Qualcomm(R) Spectra(TM) 695 ISP Camera Flash Device\",\"Manufacturer\":\"Qualcomm Inc.\",\"DriverVersion\":\"1.0.4422.300\",\"DriverDate\":\"\\/Date(1757030400000)\\/\",\"InfName\":\"oem260.inf\",\"DeviceID\":\"ACPI\\\\QCOM0C27\\\\19\"},{\"DeviceName\":\"Qualcomm(R) Spectra(TM) 695 ISP Camera Auxiliary Sensor Device\",\"Manufacturer\":\"Qualcomm Incorporated\",\"DriverVersion\":\"1.0.4422.301\",\"DriverDate\":\"\\/Date(1759708800000)\\/\",\"InfName\":\"oem287.inf\",\"DeviceID\":\"ACPI\\\\VEN_SMO\\u0026DEV_55F0\\u0026SUBSYS_MSHW0472\\u0026REV_0000\\\\1C\"},{\"DeviceName\":\"Qualcomm(R) Spectra(TM) 695 ISP Camera Front Sensor Device\",\"Manufacturer\":\"Qualcomm Incorporated\",\"DriverVersion\":\"1.0.4422.301\",\"DriverDate\":\"\\/Date(1759708800000)\\/\",\"InfName\":\"oem293.inf\",\"DeviceID\":\"ACPI\\\\VEN_OVTI\\u0026DEV_02C1\\u0026SUBSYS_MSHW0470\\u0026REV_0000\\\\1A\"},{\"DeviceName\":\"Qualcomm(R) Spectra(TM) 695 ISP Camera Platform Device\",\"Manufacturer\":\"Qualcomm Inc.\",\"DriverVersion\":\"1.0.4422.300\",\"DriverDate\":\"\\/Date(1757030400000)\\/\",\"InfName\":\"oem273.inf\",\"DeviceID\":\"ACPI\\\\QCOM0C32\\\\1B\"},{\"DeviceName\":\"Qualcomm(R) DCF Device\",\"Manufacturer\":\"Qualcomm\",\"DriverVersion\":\"1.0.4160.6000\",\"DriverDate\":\"\\/Date(1730160000000)\\/\",\"InfName\":\"oem29.inf\",\"DeviceID\":\"ACPI\\\\QCOM06E7\\\\2\\u0026DABA3FF\\u00260\"},{\"DeviceName\":\"Qualcomm(R) SSG Secure Services Device\",\"Manufacturer\":\"Qualcomm\",\"DriverVersion\":\"1.0.4160.6000\",\"DriverDate\":\"\\/Date(1730160000000)\\/\",\"InfName\":\"oem206.inf\",\"DeviceID\":\"ACPI\\\\QCOM06D8\\\\0\"},{\"DeviceName\":\"Qualcomm(R) Subsys Thermal Mitigation Device\",\"Manufacturer\":\"Qualcomm Technologies, Incorporated\",\"DriverVersion\":\"1.0.4160.6000\",\"DriverDate\":\"\\/Date(1730160000000)\\/\",\"InfName\":\"oem57.inf\",\"DeviceID\":\"ACPI\\\\QCOM0CD5\\\\2\\u0026DABA3FF\\u00260\"},{\"DeviceName\":\"Qualcomm(R) SOC Partition Interface Device\",\"Manufacturer\":\"Qualcomm Technologies Inc.\",\"DriverVersion\":\"1.0.4160.6000\",\"DriverDate\":\"\\/Date(1730160000000)\\/\",\"InfName\":\"oem194.inf\",\"DeviceID\":\"ACPI\\\\QCOM06DD\\\\2\\u0026DABA3FF\\u00260\"},{\"DeviceName\":\"Qualcomm(R) System Manager Device\",\"Manufacturer\":\"Qualcomm\",\"DriverVersion\":\"1.0.4111.7400\",\"DriverDate\":\"\\/Date(1725235200000)\\/\",\"InfName\":\"oem48.inf\",\"DeviceID\":\"ACPI\\\\QCOM0CA8\\\\0\"},{\"DeviceName\":\"Qualcomm(R) Bus Device\",\"Manufacturer\":\"Qualcomm Technologies, Inc.\",\"DriverVersion\":\"1.0.4160.6000\",\"DriverDate\":\"\\/Date(1730160000000)\\/\",\"InfName\":\"oem94.inf\",\"DeviceID\":\"ACPI\\\\QCOM0C88\\\\2\"},{\"DeviceName\":\"Qualcomm(R) Bus Device\",\"Manufacturer\":\"Qualcomm Technologies, Inc.\",\"DriverVersion\":\"1.0.4160.6000\",\"DriverDate\":\"\\/Date(1730160000000)\\/\",\"InfName\":\"oem94.inf\",\"DeviceID\":\"ACPI\\\\QCOM0C88\\\\1\"},{\"DeviceName\":\"Qualcomm(R) Bus Device\",\"Manufacturer\":\"Qualcomm Technologies, Inc.\",\"DriverVersion\":\"1.0.4160.6000\",\"DriverDate\":\"\\/Date(1730160000000)\\/\",\"InfName\":\"oem94.inf\",\"DeviceID\":\"ACPI\\\\QCOM0C88\\\\0\"},{\"DeviceName\":\"ACPI Processor Container Device\",\"Manufacturer\":\"(Standard system devices)\",\"DriverVersion\":\"10.0.26100.1\",\"DriverDate\":\"\\/Date(1150848000000)\\/\",\"InfName\":\"machine.inf\",\"DeviceID\":\"ACPI\\\\ACPI0010\\\\12\"},{\"DeviceName\":\"ACPI Processor Container Device\",\"Manufacturer\":\"(Standard system devices)\",\"DriverVersion\":\"10.0.26100.1\",\"DriverDate\":\"\\/Date(1150848000000)\\/\",\"InfName\":\"machine.inf\",\"DeviceID\":\"ACPI\\\\ACPI0010\\\\11\"},{\"DeviceName\":\"ACPI Processor Container Device\",\"Manufacturer\":\"(Standard system devices)\",\"DriverVersion\":\"10.0.26100.1\",\"DriverDate\":\"\\/Date(1150848000000)\\/\",\"InfName\":\"machine.inf\",\"DeviceID\":\"ACPI\\\\ACPI0010\\\\10\"},{\"DeviceName\":\"ACPI Processor Container Device\",\"Manufacturer\":\"(Standard system devices)\",\"DriverVersion\":\"10.0.26100.1\",\"DriverDate\":\"\\/Date(1150848000000)\\/\",\"InfName\":\"machine.inf\",\"DeviceID\":\"ACPI\\\\ACPI0010\\\\100000\"},{\"DeviceName\":\"Qualcomm Secure Processor Device\",\"Manufacturer\":\"Qualcomm Technologies Inc.\",\"DriverVersion\":\"1.0.4338.2200\",\"DriverDate\":\"\\/Date(1748822400000)\\/\",\"InfName\":\"oem113.inf\",\"DeviceID\":\"ACPI\\\\QCOM0C87\\\\2\\u0026DABA3FF\\u00260\"},{\"DeviceName\":\"Snapdragon(R) X Plus - X1P64100 - Qualcomm(R) Hexagon(TM) NPU\",\"Manufacturer\":\"Qualcomm Technologies, Inc.\",\"DriverVersion\":\"30.0.219.1000\",\"DriverDate\":\"\\/Date(1762646400000)\\/\",\"InfName\":\"oem276.inf\",\"DeviceID\":\"ACPI\\\\QCOM0D0A\\\\2\\u0026DABA3FF\\u00260\"},{\"DeviceName\":\"Qualcomm(R) Audio RPC Daemon Device\",\"Manufacturer\":\"Qualcomm Technologies, Inc.\",\"DriverVersion\":\"1.0.4338.2200\",\"DriverDate\":\"\\/Date(1748822400000)\\/\",\"InfName\":\"oem75.inf\",\"DeviceID\":\"ACPI\\\\QCOM0C82\\\\2\\u0026DABA3FF\\u00260\"},{\"DeviceName\":\"Qualcomm(R) FastRPC Device\",\"Manufacturer\":\"Qualcomm Technologies, Inc.\",\"DriverVersion\":\"1.0.4338.2200\",\"DriverDate\":\"\\/Date(1748822400000)\\/\",\"InfName\":\"oem26.inf\",\"DeviceID\":\"ACPI\\\\QCOM0C5C\\\\2\\u0026DABA3FF\\u00260\"},{\"DeviceName\":\"Qualcomm Shared Memory Port Device\",\"Manufacturer\":\"Qualcomm Inc.\",\"DriverVersion\":\"1.0.4219.5800\",\"DriverDate\":\"\\/Date(1737763200000)\\/\",\"InfName\":\"oem93.inf\",\"DeviceID\":\"ACPI\\\\QCOM0C84\\\\0\"},{\"DeviceName\":\"Qualcomm(R) Data IPC Router Device\",\"Manufacturer\":\"Qualcomm Incorporated\",\"DriverVersion\":\"1.0.4160.6000\",\"DriverDate\":\"\\/Date(1730160000000)\\/\",\"InfName\":\"oem154.inf\",\"DeviceID\":\"ACPI\\\\QCOM0C0D\\\\2\\u0026DABA3FF\\u00260\"},{\"DeviceName\":\"Qualcomm(R) FastConnect(TM) 7800 Mobile Connectivity System\",\"Manufacturer\":\"Qualcomm Communications Inc.\",\"DriverVersion\":\"1.0.4374.1300\",\"DriverDate\":\"\\/Date(1752451200000)\\/\",\"InfName\":\"oem115.inf\",\"DeviceID\":\"PCI\\\\VEN_17CB\\u0026DEV_1107\\u0026SUBSYS_110717CB\\u0026REV_01\\\\4\\u0026CDACDEC\\u00260\\u00260000\"},{\"DeviceName\":\"Qualcomm(R) PCIe Platform Extension Plugin\",\"Manufacturer\":\"(Standard system devices)\",\"DriverVersion\":\"1.0.4196.6900\",\"DriverDate\":\"\\/Date(1734393600000)\\/\",\"InfName\":\"oem183.inf\",\"DeviceID\":\"ACPI\\\\QCOM0C96\\\\0\"},{\"DeviceName\":\"Qualcomm(R) Inter Processor Communication Interrupt Device\",\"Manufacturer\":\"Qualcomm Incorporated\",\"DriverVersion\":\"1.0.4160.6000\",\"DriverDate\":\"\\/Date(1730160000000)\\/\",\"InfName\":\"oem152.inf\",\"DeviceID\":\"ACPI\\\\QCOM06C2\\\\0\"},{\"DeviceName\":\"Qualcomm(R) System Manager GPIO Device\",\"Manufacturer\":\"Qualcomm Inc.\",\"DriverVersion\":\"1.0.4160.6000\",\"DriverDate\":\"\\/Date(1730160000000)\\/\",\"InfName\":\"oem95.inf\",\"DeviceID\":\"ACPI\\\\QCOM0C0C\\\\0\"},{\"DeviceName\":\"Qualcomm(R) SPMI Bus Device\",\"Manufacturer\":\"Qualcomm Inc.\",\"DriverVersion\":\"1.0.4160.6000\",\"DriverDate\":\"\\/Date(1730160000000)\\/\",\"InfName\":\"oem202.inf\",\"DeviceID\":\"ACPI\\\\QCOM0C0B\\\\1\"},{\"DeviceName\":\"Qualcomm(R) System Manager Device\",\"Manufacturer\":\"Qualcomm Inc.\",\"DriverVersion\":\"1.0.4338.2200\",\"DriverDate\":\"\\/Date(1748822400000)\\/\",\"InfName\":\"oem119.inf\",\"DeviceID\":\"ACPI\\\\QCOM04DE\\\\0\"},{\"DeviceName\":\"Qualcomm(R) System Manager Secapp Device\",\"Manufacturer\":\"Qualcomm Inc.\",\"DriverVersion\":\"1.0.4338.2200\",\"DriverDate\":\"\\/Date(1748822400000)\\/\",\"InfName\":\"oem110.inf\",\"DeviceID\":\"ACPI\\\\QCOM0CE4\\\\0\"},{\"DeviceName\":\"Qualcomm(R) System Manager SCM Device\",\"Manufacturer\":\"Qualcomm Inc.\",\"DriverVersion\":\"1.0.4160.6000\",\"DriverDate\":\"\\/Date(1730160000000)\\/\",\"InfName\":\"oem187.inf\",\"DeviceID\":\"ACPI\\\\QCOM04DD\\\\0\"},{\"DeviceName\":\"Qualcomm(R) Spectra(TM) 695 ISP Camera AVStream Device\",\"Manufacturer\":\"Qualcomm\",\"DriverVersion\":\"1.0.4422.301\",\"DriverDate\":\"\\/Date(1759708800000)\\/\",\"InfName\":\"oem288.inf\",\"DeviceID\":\"DISPLAY\\\\QCOM_AVSTREAM_8380\\\\3\\u00265E9CBA8\\u00260\\u0026UID32768\"},{\"DeviceName\":\"Qualcomm(R) Display Services\",\"Manufacturer\":\"Qualcomm Incorporated\",\"DriverVersion\":\"1.0.4227.8600\",\"DriverDate\":\"\\/Date(1737763200000)\\/\",\"InfName\":\"oem277.inf\",\"DeviceID\":\"SWD\\\\DRIVERENUM\\\\{17712798-2541-1623-4249-157167142812}#QCDPPSLIBRARY\\u00263\\u00265E9CBA8\\u00260\"},{\"DeviceName\":\"Qualcomm(R) Adreno(TM) X1-85 GPU\",\"Manufacturer\":\"Qualcomm Incorporated\",\"DriverVersion\":\"31.0.112.0\",\"DriverDate\":\"\\/Date(1748822400000)\\/\",\"InfName\":\"oem213.inf\",\"DeviceID\":\"ACPI\\\\VEN_QCOM\\u0026DEV_0C36\\u0026SUBSYS_IDP08380\\u0026REV_008A\\\\0\"},{\"DeviceName\":\"Qualcomm(R) IOMMU Device\",\"Manufacturer\":\"Qualcomm Inc.\",\"DriverVersion\":\"1.0.4160.6000\",\"DriverDate\":\"\\/Date(1730160000000)\\/\",\"InfName\":\"oem137.inf\",\"DeviceID\":\"ACPI\\\\QCOM068F\\\\1\"},{\"DeviceName\":\"Qualcomm(R) IOMMU Device\",\"Manufacturer\":\"Qualcomm Inc.\",\"DriverVersion\":\"1.0.4160.6000\",\"DriverDate\":\"\\/Date(1730160000000)\\/\",\"InfName\":\"oem137.inf\",\"DeviceID\":\"ACPI\\\\QCOM068F\\\\0\"},{\"DeviceName\":\"Qualcomm System MMU Device\",\"Manufacturer\":\"Qualcomm Inc.\",\"DriverVersion\":\"1.0.4160.6000\",\"DriverDate\":\"\\/Date(1730160000000)\\/\",\"InfName\":\"oem192.inf\",\"DeviceID\":\"ACPI\\\\VEN_QCOM\\u0026DEV_0C09\\u0026SUBSYS_CRD08380\\u0026REV_0002\\\\1\"},{\"DeviceName\":\"Qualcomm System MMU Device\",\"Manufacturer\":\"Qualcomm Inc.\",\"DriverVersion\":\"1.0.4160.6000\",\"DriverDate\":\"\\/Date(1730160000000)\\/\",\"InfName\":\"oem192.inf\",\"DeviceID\":\"ACPI\\\\VEN_QCOM\\u0026DEV_0C09\\u0026SUBSYS_CRD08380\\u0026REV_0002\\\\0\"},{\"DeviceName\":\"Qualcomm System Cache Device\",\"Manufacturer\":\"Qualcomm Inc.\",\"DriverVersion\":\"1.0.4196.6900\",\"DriverDate\":\"\\/Date(1734393600000)\\/\",\"InfName\":\"oem209.inf\",\"DeviceID\":\"ACPI\\\\VEN_QCOM\\u0026DEV_0C83\\u0026SUBSYS_CRD08380\\u0026REV_0002\\\\2\\u0026DABA3FF\\u00260\"},{\"DeviceName\":\"Qualcomm(R) Secure Kernel Extension\",\"Manufacturer\":\"Qualcomm Incorporated\",\"DriverVersion\":\"1.0.4293.7000\",\"DriverDate\":\"\\/Date(1744848000000)\\/\",\"InfName\":\"oem112.inf\",\"DeviceID\":\"ACPI\\\\QCOM0CAC\\\\2\\u0026DABA3FF\\u00260\"},{\"DeviceName\":\"Qualcomm(R) TFTP Device\",\"Manufacturer\":\"Qualcomm Technologies, Incorporated\",\"DriverVersion\":\"1.0.4237.8400\",\"DriverDate\":\"\\/Date(1739664000000)\\/\",\"InfName\":\"oem212.inf\",\"DeviceID\":\"ACPI\\\\QCOM06DC\\\\2\\u0026DABA3FF\\u00260\"},{\"DeviceName\":\"Qualcomm Secure Processor Subsystem Device\",\"Manufacturer\":\"Qualcomm Technologies, Incorporated\",\"DriverVersion\":\"2.0.4478.2200\",\"DriverDate\":\"\\/Date(1762646400000)\\/\",\"InfName\":\"oem240.inf\",\"DeviceID\":\"ACPI\\\\QCOM0C8D\\\\2\\u0026DABA3FF\\u00260\"},{\"DeviceName\":\"Qualcomm(R) Subsys Base Thermal Mitigation Device\",\"Manufacturer\":\"Qualcomm Technologies, Incorporated\",\"DriverVersion\":\"1.0.4160.6000\",\"DriverDate\":\"\\/Date(1730160000000)\\/\",\"InfName\":\"oem57.inf\",\"DeviceID\":\"ACPI\\\\QCOM06E5\\\\2\\u0026DABA3FF\\u00260\"},{\"DeviceName\":\"Qualcomm(R) Subsys Thermal Mitigation Device\",\"Manufacturer\":\"Qualcomm Technologies, Incorporated\",\"DriverVersion\":\"1.0.4160.6000\",\"DriverDate\":\"\\/Date(1730160000000)\\/\",\"InfName\":\"oem57.inf\",\"DeviceID\":\"ACPI\\\\QCOM0CC3\\\\2\\u0026DABA3FF\\u00260\"},{\"DeviceName\":\"Qualcomm Compute DSP Subsystem Device\",\"Manufacturer\":\"Qualcomm Technologies, Incorporated\",\"DriverVersion\":\"2.0.4478.2200\",\"DriverDate\":\"\\/Date(1762646400000)\\/\",\"InfName\":\"oem240.inf\",\"DeviceID\":\"ACPI\\\\QCOM0CB0\\\\2\\u0026DABA3FF\\u00260\"},{\"DeviceName\":\"Qualcomm(R) Protection Domain Service Registry Device\",\"Manufacturer\":\"Qualcomm Incorporated\",\"DriverVersion\":\"1.0.4160.6000\",\"DriverDate\":\"\\/Date(1730160000000)\\/\",\"InfName\":\"oem157.inf\",\"DeviceID\":\"ACPI\\\\VEN_QCOM\\u0026DEV_06DF\\u0026SUBSYS_CRD08380\\u0026REV_0008\\\\2\\u0026DABA3FF\\u00260\"},{\"DeviceName\":\"Qualcomm Subsystem Dependency Device\",\"Manufacturer\":\"Qualcomm Technologies, Incorporated\",\"DriverVersion\":\"2.0.4478.2200\",\"DriverDate\":\"\\/Date(1762646400000)\\/\",\"InfName\":\"oem240.inf\",\"DeviceID\":\"ACPI\\\\QCOM0C20\\\\2\\u0026DABA3FF\\u00260\"},{\"DeviceName\":\"Qualcomm ASD Audio Proxy APO\",\"Manufacturer\":\"QUALCOMM\",\"DriverVersion\":\"1.0.4281.8500\",\"DriverDate\":\"\\/Date(1744070400000)\\/\",\"InfName\":\"oem182.inf\",\"DeviceID\":\"SWD\\\\DRIVERENUM\\\\ASDPROXYAPO\\u00266\\u00261288D27E\\u00260\"},{\"DeviceName\":\"Qualcomm(R) Aqstic(TM) ACX Static Endpoints Audio Device\",\"Manufacturer\":\"Microsoft\",\"DriverVersion\":\"1.0.4281.8500\",\"DriverDate\":\"\\/Date(1744070400000)\\/\",\"InfName\":\"oem176.inf\",\"DeviceID\":\"QCASD\\\\STATICENDPOINTDEVICE0\\\\5\\u002624050019\\u00260\\u00260\"},{\"DeviceName\":\"Qualcomm ASD Audio Proxy APO\",\"Manufacturer\":\"QUALCOMM\",\"DriverVersion\":\"1.0.4281.8500\",\"DriverDate\":\"\\/Date(1744070400000)\\/\",\"InfName\":\"oem182.inf\",\"DeviceID\":\"SWD\\\\DRIVERENUM\\\\ASDPROXYAPO\\u00265\\u002624050019\\u00260\"},{\"DeviceName\":\"Qualcomm(R) Aqstic(TM) ACX Audio Device\",\"Manufacturer\":\"Microsoft\",\"DriverVersion\":\"1.0.4281.8500\",\"DriverDate\":\"\\/Date(1744070400000)\\/\",\"InfName\":\"oem176.inf\",\"DeviceID\":\"ADCM\\\\VEN_QCOM\\u0026DEV_0CE6\\u0026SUBSYS_MSHW0462\\u0026REV_0A\\\\4\\u00262A777998\\u00260\\u00261\"},{\"DeviceName\":\"Qualcomm Audio Proxy APO\",\"Manufacturer\":\"QUALCOMM\",\"DriverVersion\":\"1.0.4281.8500\",\"DriverDate\":\"\\/Date(1744070400000)\\/\",\"InfName\":\"oem200.inf\",\"DeviceID\":\"SWD\\\\DRIVERENUM\\\\{F5E603DE-5801-48AD-83F2-9E0666B0A340}#PROXYAPO\\u00266\\u002611D9B152\\u00260\"},{\"DeviceName\":\"Qualcomm Audio Proxy APO\",\"Manufacturer\":\"QUALCOMM\",\"DriverVersion\":\"1.0.4281.8500\",\"DriverDate\":\"\\/Date(1744070400000)\\/\",\"InfName\":\"oem200.inf\",\"DeviceID\":\"SWD\\\\DRIVERENUM\\\\PROXYAPO\\u00266\\u002611D9B152\\u00260\"},{\"DeviceName\":\"Qualcomm(R) Aqstic(TM) Audio Adapter Device\",\"Manufacturer\":\"Microsoft\",\"DriverVersion\":\"1.0.4281.8500\",\"DriverDate\":\"\\/Date(1744070400000)\\/\",\"InfName\":\"oem210.inf\",\"DeviceID\":\"AUCD\\\\VEN_QCOM\\u0026DEV_0C29\\u0026SUBSYS_MSHW0462\\u0026REV_0A\\\\5\\u00262A32BB88\\u00260\\u00260\"},{\"DeviceName\":\"Qualcomm(R) Aqstic(TM)\",\"Manufacturer\":\"(Standard system devices)\",\"DriverVersion\":\"1.0.4338.2200\",\"DriverDate\":\"\\/Date(1748822400000)\\/\",\"InfName\":\"oem186.inf\",\"DeviceID\":\"ADCM\\\\VEN_QCOM\\u0026DEV_0CC1\\u0026SUBSYS_MSHW0462\\u0026REV_0A\\\\4\\u00262A777998\\u00260\\u00260\"},{\"DeviceName\":\"Qualcomm(R) Aqstic(TM) Audio DSP and Calibration Manager\",\"Manufacturer\":\"Qualcomm Technologies, Inc.\",\"DriverVersion\":\"1.0.4281.8500\",\"DriverDate\":\"\\/Date(1744848000000)\\/\",\"InfName\":\"oem25.inf\",\"DeviceID\":\"ADSP\\\\VEN_QCOM\\u0026DEV_0C22\\u0026SUBSYS_MSHW0462\\u0026REV_0A\\\\3\\u0026D1F2880\\u00260\\u00260\"},{\"DeviceName\":\"Qualcomm(R) Slimbus Device\",\"Manufacturer\":\"Qualcomm Inc.\",\"DriverVersion\":\"1.0.4160.6000\",\"DriverDate\":\"\\/Date(1730160000000)\\/\",\"InfName\":\"oem191.inf\",\"DeviceID\":\"ADSP\\\\VEN_QCOM\\u0026DEV_0C0F\\u0026SUBSYS_MSHW0462\\u0026REV_0A\\\\3\\u0026D1F2880\\u00260\\u00260\"},{\"DeviceName\":\"Qualcomm Audio DSP Subsystem Device\",\"Manufacturer\":\"Qualcomm Technologies, Incorporated\",\"DriverVersion\":\"2.0.4478.2200\",\"DriverDate\":\"\\/Date(1762646400000)\\/\",\"InfName\":\"oem240.inf\",\"DeviceID\":\"ACPI\\\\VEN_QCOM\\u0026DEV_0C1B\\u0026SUBSYS_MSHW0462\\u0026REV_000A\\\\2\\u0026DABA3FF\\u00260\"},{\"DeviceName\":\"Qualcomm(R) System Manager Device\",\"Manufacturer\":\"Qualcomm Incorporated\",\"DriverVersion\":\"1.0.4216.6600\",\"DriverDate\":\"\\/Date(1736640000000)\\/\",\"InfName\":\"oem44.inf\",\"DeviceID\":\"ACPI\\\\QCOM0C2F\\\\2\\u0026DABA3FF\\u00260\"},{\"DeviceName\":\"Qualcomm(R) Peripheral Image Loader Device\",\"Manufacturer\":\"Qualcomm Incorporated\",\"DriverVersion\":\"1.0.4281.8500\",\"DriverDate\":\"\\/Date(1744070400000)\\/\",\"InfName\":\"oem99.inf\",\"DeviceID\":\"ACPI\\\\VEN_QCOM\\u0026DEV_06E0\\u0026SUBSYS_CRD08380\\u0026REV_0008\\\\2\\u0026DABA3FF\\u00260\"},{\"DeviceName\":\"Qualcomm(R) Reset Power Error Notifier Device\",\"Manufacturer\":\"Qualcomm Incorporated\",\"DriverVersion\":\"1.0.4160.6000\",\"DriverDate\":\"\\/Date(1730160000000)\\/\",\"InfName\":\"oem185.inf\",\"DeviceID\":\"ACPI\\\\QCOM06E1\\\\2\\u0026DABA3FF\\u00260\"},{\"DeviceName\":\"Qualcomm(R) Bus Device\",\"Manufacturer\":\"Qualcomm Technologies, Inc.\",\"DriverVersion\":\"1.0.4160.6000\",\"DriverDate\":\"\\/Date(1730160000000)\\/\",\"InfName\":\"oem217.inf\",\"DeviceID\":\"ACPI\\\\QCOM0C16\\\\16\"},{\"DeviceName\":\"Qualcomm(R) SPI Bus Device\",\"Manufacturer\":\"Qualcomm Technologies, Inc.\",\"DriverVersion\":\"1.0.4160.6000\",\"DriverDate\":\"\\/Date(1730160000000)\\/\",\"InfName\":\"oem201.inf\",\"DeviceID\":\"ACPI\\\\QCOM0C0E\\\\14\"},{\"DeviceName\":\"Qualcomm(R) Bus Device\",\"Manufacturer\":\"Qualcomm Technologies, Inc.\",\"DriverVersion\":\"1.0.4160.6000\",\"DriverDate\":\"\\/Date(1730160000000)\\/\",\"InfName\":\"oem217.inf\",\"DeviceID\":\"ACPI\\\\QCOM0C16\\\\F\"},{\"DeviceName\":\"Qualcomm(R) SPI Bus Device\",\"Manufacturer\":\"Qualcomm Technologies, Inc.\",\"DriverVersion\":\"1.0.4160.6000\",\"DriverDate\":\"\\/Date(1730160000000)\\/\",\"InfName\":\"oem201.inf\",\"DeviceID\":\"ACPI\\\\QCOM0C0E\\\\B\"},{\"DeviceName\":\"Qualcomm(R) I2C Bus Device\",\"Manufacturer\":\"Qualcomm Inc.\",\"DriverVersion\":\"1.0.4160.6000\",\"DriverDate\":\"\\/Date(1730160000000)\\/\",\"InfName\":\"oem134.inf\",\"DeviceID\":\"ACPI\\\\QCOM0C10\\\\9\"},{\"DeviceName\":\"Qualcomm(R) I2C Bus Device\",\"Manufacturer\":\"Qualcomm Inc.\",\"DriverVersion\":\"1.0.4160.6000\",\"DriverDate\":\"\\/Date(1730160000000)\\/\",\"InfName\":\"oem134.inf\",\"DeviceID\":\"ACPI\\\\QCOM0C10\\\\8\"},{\"DeviceName\":\"Qualcomm(R) I2C Bus Device\",\"Manufacturer\":\"Qualcomm Inc.\",\"DriverVersion\":\"1.0.4160.6000\",\"DriverDate\":\"\\/Date(1730160000000)\\/\",\"InfName\":\"oem134.inf\",\"DeviceID\":\"ACPI\\\\QCOM0C10\\\\6\"},{\"DeviceName\":\"Qualcomm(R) I2C Bus Device\",\"Manufacturer\":\"Qualcomm Inc.\",\"DriverVersion\":\"1.0.4160.6000\",\"DriverDate\":\"\\/Date(1730160000000)\\/\",\"InfName\":\"oem134.inf\",\"DeviceID\":\"ACPI\\\\QCOM0C10\\\\5\"},{\"DeviceName\":\"Qualcomm(R) I2C Bus Device\",\"Manufacturer\":\"Qualcomm Inc.\",\"DriverVersion\":\"1.0.4160.6000\",\"DriverDate\":\"\\/Date(1730160000000)\\/\",\"InfName\":\"oem134.inf\",\"DeviceID\":\"ACPI\\\\QCOM0C10\\\\4\"},{\"DeviceName\":\"Qualcomm(R) Bus Device\",\"Manufacturer\":\"Qualcomm Technologies, Inc.\",\"DriverVersion\":\"1.0.4160.6000\",\"DriverDate\":\"\\/Date(1730160000000)\\/\",\"InfName\":\"oem217.inf\",\"DeviceID\":\"ACPI\\\\QCOM0C16\\\\3\"},{\"DeviceName\":\"Qualcomm(R) I2C Bus Device\",\"Manufacturer\":\"Qualcomm Inc.\",\"DriverVersion\":\"1.0.4160.6000\",\"DriverDate\":\"\\/Date(1730160000000)\\/\",\"InfName\":\"oem134.inf\",\"DeviceID\":\"ACPI\\\\QCOM0C10\\\\1\"},{\"DeviceName\":\"Qualcomm(R) Bam Bus Device\",\"Manufacturer\":\"Qualcomm Inc.\",\"DriverVersion\":\"1.0.4160.6000\",\"DriverDate\":\"\\/Date(1730160000000)\\/\",\"InfName\":\"oem155.inf\",\"DeviceID\":\"ACPI\\\\QCOM0C0A\\\\5\"},{\"DeviceName\":\"Qualcomm(R) Bam Bus Device\",\"Manufacturer\":\"Qualcomm Inc.\",\"DriverVersion\":\"1.0.4160.6000\",\"DriverDate\":\"\\/Date(1730160000000)\\/\",\"InfName\":\"oem155.inf\",\"DeviceID\":\"ACPI\\\\QCOM0C0A\\\\1\"},{\"DeviceName\":\"Qualcomm Power Engine Plug-in Device\",\"Manufacturer\":\"Qualcomm Inc.\",\"DriverVersion\":\"1.0.4196.6900\",\"DriverDate\":\"\\/Date(1734393600000)\\/\",\"InfName\":\"oem164.inf\",\"DeviceID\":\"ACPI\\\\VEN_QCOM\\u0026DEV_0C17\\u0026SUBSYS_CRD08380\\u0026REV_008A\\\\2\\u0026DABA3FF\\u00260\"},{\"DeviceName\":\"Qualcomm(R) Power Management PMIC GLink Device\",\"Manufacturer\":\"Qualcomm Incorporated\",\"DriverVersion\":\"1.0.4175.2700\",\"DriverDate\":\"\\/Date(1732060800000)\\/\",\"InfName\":\"oem178.inf\",\"DeviceID\":\"ACPI\\\\QCOM0C8E\\\\2\\u0026DABA3FF\\u00260\"},{\"DeviceName\":\"Qualcomm(R) Power Management FGBCL Device\",\"Manufacturer\":\"Qualcomm Inc.\",\"DriverVersion\":\"1.0.4160.6000\",\"DriverDate\":\"\\/Date(1730160000000)\\/\",\"InfName\":\"oem58.inf\",\"DeviceID\":\"ACPI\\\\QCOM0C77\\\\2\\u0026DABA3FF\\u00260\"},{\"DeviceName\":\"Qualcomm(R) Power Management PMIC Apps Device\",\"Manufacturer\":\"Qualcomm Inc.\",\"DriverVersion\":\"1.0.4281.8500\",\"DriverDate\":\"\\/Date(1744070400000)\\/\",\"InfName\":\"oem108.inf\",\"DeviceID\":\"ACPI\\\\QCOM0C2C\\\\2\\u0026DABA3FF\\u00260\"},{\"DeviceName\":\"Qualcomm(R) System Manager PMIC GPIO Framework Extension Device\",\"Manufacturer\":\"Qualcomm Inc.\",\"DriverVersion\":\"1.0.4160.6000\",\"DriverDate\":\"\\/Date(1730160000000)\\/\",\"InfName\":\"oem181.inf\",\"DeviceID\":\"ACPI\\\\QCOM0C2D\\\\1\"},{\"DeviceName\":\"Qualcomm(R) Power Management PMIC Device\",\"Manufacturer\":\"Qualcomm Inc.\",\"DriverVersion\":\"1.0.4166.1200\",\"DriverDate\":\"\\/Date(1730851200000)\\/\",\"InfName\":\"oem170.inf\",\"DeviceID\":\"ACPI\\\\QCOM0C2B\\\\2\\u0026DABA3FF\\u00260\"},{\"DeviceName\":\"Qualcomm(R) ACPI Bridge Device\",\"Manufacturer\":\"Qualcomm Technologies Inc.\",\"DriverVersion\":\"1.0.4160.6000\",\"DriverDate\":\"\\/Date(1730160000000)\\/\",\"InfName\":\"oem4.inf\",\"DeviceID\":\"ACPI\\\\QCOM0427\\\\0\"}]",
            "stderr": ""
          }
        },
        "artifact_recommendation": {
          "repo": "qualcomm/Whisper-Tiny",
          "model_name": "Whisper-Tiny",
          "source": "https://huggingface.co/qualcomm/Whisper-Tiny",
          "runtime": "PRECOMPILED_QNN_ONNX",
          "precision": "float",
          "chipset": "Snapdragon X Elite",
          "sdk_versions": "QAIRT 2.42, ONNX Runtime 1.24.3",
          "download_url": "https://qaihub-public-assets.s3.us-west-2.amazonaws.com/qai-hub-models/models/whisper_tiny/releases/v0.52.0/whisper_tiny-precompiled_qnn_onnx-float-qualcomm_snapdragon_x_elite.zip",
          "acquisition_method": "Download Hugging Face Qualcomm pre-exported ZIP; preserve ONNX + BIN relative layout.",
          "score": 245,
          "reasons": [
            "preferred Python ONNX Runtime QNN proof artifact",
            "exact chipset string match",
            "declares ONNX Runtime 1.24.3",
            "declares QAIRT 2.42",
            "Tiny model is preferred for first smoke proof"
          ]
        },
        "runtime_request": {
          "onnxruntime": {
            "package": "onnxruntime",
            "requested": "1.24.3",
            "specifier": "onnxruntime==1.24.3",
            "source": "artifact_metadata"
          },
          "onnxruntime_qnn": {
            "package": "onnxruntime-qnn",
            "requested": "latest",
            "specifier": "onnxruntime-qnn",
            "source": "default_latest",
            "reason": "Artifact metadata did not declare an onnxruntime-qnn Python package version."
          },
          "runtime_pairing_note": "Artifact SDK metadata: QAIRT 2.42, ONNX Runtime 1.24.3. ONNX Runtime request: 1.24.3. onnxruntime-qnn request: latest. A null/missing qnn package pin is reported as latest by design; installed version is captured after pip resolution.",
          "installed_runtime": {
            "numpy": "2.4.4",
            "onnx": "1.21.0",
            "onnxruntime": "1.24.3",
            "onnxruntime-qnn": "2.1.0"
          }
        }
      }
    },
    {
      "name": "1_install_exact_runtime_package",
      "status": "PASS",
      "detail": null,
      "evidence": {
        "python": "3.12.10 (tags/v3.12.10:0cc8128, Apr  8 2025, 12:31:18) [MSC v.1943 64 bit (ARM64)]",
        "installed_packages": {
          "onnxruntime": "1.24.3",
          "onnxruntime-qnn": "2.1.0",
          "onnx": "1.21.0",
          "numpy": "2.4.4"
        },
        "onnxruntime_version": "1.24.3",
        "available_providers": [
          "AzureExecutionProvider",
          "CPUExecutionProvider"
        ],
        "runtime_request": {
          "onnxruntime": {
            "package": "onnxruntime",
            "requested": "1.24.3",
            "specifier": "onnxruntime==1.24.3",
            "source": "artifact_metadata"
          },
          "onnxruntime_qnn": {
            "package": "onnxruntime-qnn",
            "requested": "latest",
            "specifier": "onnxruntime-qnn",
            "source": "default_latest",
            "reason": "Artifact metadata did not declare an onnxruntime-qnn Python package version."
          },
          "runtime_pairing_note": "Artifact SDK metadata: QAIRT 2.42, ONNX Runtime 1.24.3. ONNX Runtime request: 1.24.3. onnxruntime-qnn request: latest. A null/missing qnn package pin is reported as latest by design; installed version is captured after pip resolution.",
          "installed_runtime": {
            "numpy": "2.4.4",
            "onnx": "1.21.0",
            "onnxruntime": "1.24.3",
            "onnxruntime-qnn": "2.1.0"
          }
        },
        "runtime_pairing_note": "Artifact SDK metadata: QAIRT 2.42, ONNX Runtime 1.24.3. ONNX Runtime request: 1.24.3. onnxruntime-qnn request: latest. A null/missing qnn package pin is reported as latest by design; installed version is captured after pip resolution."
      }
    },
    {
      "name": "2_acquire_exact_artifact",
      "status": "PASS",
      "detail": null,
      "evidence": {
        "artifact_root": "D:\\_DEV\\qnn-artifacts\\whisper_tiny-precompiled_qnn_onnx-float-qualcomm_snapdragon_x_elite",
        "onnx_count": 2,
        "bin_count": 2
      }
    },
    {
      "name": "3_inspect_artifact_metadata_layout",
      "status": "PASS",
      "detail": null,
      "evidence": {
        "artifact_type_guess": "precompiled_qnn_onnx / EPContext ONNX + external QNN context binary",
        "metadata_results": [
          {
            "name": "inspect_onnx",
            "status": "PASS",
            "detail": null,
            "evidence": {
              "path": "D:\\_DEV\\qnn-artifacts\\whisper_tiny-precompiled_qnn_onnx-float-qualcomm_snapdragon_x_elite\\whisper_tiny-precompiled_qnn_onnx-float-qualcomm_snapdragon_x_elite\\decoder.onnx",
              "ir_version": 12,
              "producer_name": "Qualcomm AI Hub Workbench",
              "producer_version": "aihub-2026.04.13.0",
              "opset_import": [
                {
                  "domain": "",
                  "version": 13
                }
              ],
              "inputs": [
                {
                  "name": "input_ids",
                  "elem_type": 6,
                  "shape": [
                    1,
                    1
                  ]
                },
                {
                  "name": "attention_mask",
                  "elem_type": 10,
                  "shape": [
                    1,
                    1,
                    1,
                    200
                  ]
                },
                {
                  "name": "k_cache_self_0_in",
                  "elem_type": 10,
                  "shape": [
                    6,
                    1,
                    64,
                    199
                  ]
                },
                {
                  "name": "v_cache_self_0_in",
                  "elem_type": 10,
                  "shape": [
                    6,
                    1,
                    199,
                    64
                  ]
                },
                {
                  "name": "k_cache_self_1_in",
                  "elem_type": 10,
                  "shape": [
                    6,
                    1,
                    64,
                    199
                  ]
                },
                {
                  "name": "v_cache_self_1_in",
                  "elem_type": 10,
                  "shape": [
                    6,
                    1,
                    199,
                    64
                  ]
                },
                {
                  "name": "k_cache_self_2_in",
                  "elem_type": 10,
                  "shape": [
                    6,
                    1,
                    64,
                    199
                  ]
                },
                {
                  "name": "v_cache_self_2_in",
                  "elem_type": 10,
                  "shape": [
                    6,
                    1,
                    199,
                    64
                  ]
                },
                {
                  "name": "k_cache_self_3_in",
                  "elem_type": 10,
                  "shape": [
                    6,
                    1,
                    64,
                    199
                  ]
                },
                {
                  "name": "v_cache_self_3_in",
                  "elem_type": 10,
                  "shape": [
                    6,
                    1,
                    199,
                    64
                  ]
                },
                {
                  "name": "k_cache_cross_0",
                  "elem_type": 10,
                  "shape": [
                    6,
                    1,
                    64,
                    1500
                  ]
                },
                {
                  "name": "v_cache_cross_0",
                  "elem_type": 10,
                  "shape": [
                    6,
                    1,
                    1500,
                    64
                  ]
                },
                {
                  "name": "k_cache_cross_1",
                  "elem_type": 10,
                  "shape": [
                    6,
                    1,
                    64,
                    1500
                  ]
                },
                {
                  "name": "v_cache_cross_1",
                  "elem_type": 10,
                  "shape": [
                    6,
                    1,
                    1500,
                    64
                  ]
                },
                {
                  "name": "k_cache_cross_2",
                  "elem_type": 10,
                  "shape": [
                    6,
                    1,
                    64,
                    1500
                  ]
                },
                {
                  "name": "v_cache_cross_2",
                  "elem_type": 10,
                  "shape": [
                    6,
                    1,
                    1500,
                    64
                  ]
                },
                {
                  "name": "k_cache_cross_3",
                  "elem_type": 10,
                  "shape": [
                    6,
                    1,
                    64,
                    1500
                  ]
                },
                {
                  "name": "v_cache_cross_3",
                  "elem_type": 10,
                  "shape": [
                    6,
                    1,
                    1500,
                    64
                  ]
                },
                {
                  "name": "position_ids",
                  "elem_type": 6,
                  "shape": [
                    1
                  ]
                }
              ],
              "outputs": [
                {
                  "name": "logits",
                  "elem_type": 10,
                  "shape": [
                    1,
                    51865,
                    1,
                    1
                  ]
                },
                {
                  "name": "k_cache_self_0_out",
                  "elem_type": 10,
                  "shape": [
                    6,
                    1,
                    64,
                    199
                  ]
                },
                {
                  "name": "v_cache_self_0_out",
                  "elem_type": 10,
                  "shape": [
                    6,
                    1,
                    199,
                    64
                  ]
                },
                {
                  "name": "k_cache_self_1_out",
                  "elem_type": 10,
                  "shape": [
                    6,
                    1,
                    64,
                    199
                  ]
                },
                {
                  "name": "v_cache_self_1_out",
                  "elem_type": 10,
                  "shape": [
                    6,
                    1,
                    199,
                    64
                  ]
                },
                {
                  "name": "k_cache_self_2_out",
                  "elem_type": 10,
                  "shape": [
                    6,
                    1,
                    64,
                    199
                  ]
                },
                {
                  "name": "v_cache_self_2_out",
                  "elem_type": 10,
                  "shape": [
                    6,
                    1,
                    199,
                    64
                  ]
                },
                {
                  "name": "k_cache_self_3_out",
                  "elem_type": 10,
                  "shape": [
                    6,
                    1,
                    64,
                    199
                  ]
                },
                {
                  "name": "v_cache_self_3_out",
                  "elem_type": 10,
                  "shape": [
                    6,
                    1,
                    199,
                    64
                  ]
                }
              ],
              "node_types": {
                "EPContext": 1
              },
              "has_qdq": false,
              "has_epcontext": true,
              "epcontext_nodes": [
                {
                  "name": "QNNContext",
                  "domain": "com.microsoft",
                  "attrs": {
                    "embed_mode": 0,
                    "ep_cache_context": "./decoder_qairt_context.bin",
                    "source": "QNN"
                  }
                }
              ]
            }
          },
          {
            "name": "inspect_onnx",
            "status": "PASS",
            "detail": null,
            "evidence": {
              "path": "D:\\_DEV\\qnn-artifacts\\whisper_tiny-precompiled_qnn_onnx-float-qualcomm_snapdragon_x_elite\\whisper_tiny-precompiled_qnn_onnx-float-qualcomm_snapdragon_x_elite\\encoder.onnx",
              "ir_version": 12,
              "producer_name": "Qualcomm AI Hub Workbench",
              "producer_version": "aihub-2026.04.13.0",
              "opset_import": [
                {
                  "domain": "",
                  "version": 13
                }
              ],
              "inputs": [
                {
                  "name": "input_features",
                  "elem_type": 10,
                  "shape": [
                    1,
                    80,
                    3000
                  ]
                }
              ],
              "outputs": [
                {
                  "name": "k_cache_cross_0",
                  "elem_type": 10,
                  "shape": [
                    6,
                    1,
                    64,
                    1500
                  ]
                },
                {
                  "name": "v_cache_cross_0",
                  "elem_type": 10,
                  "shape": [
                    6,
                    1,
                    1500,
                    64
                  ]
                },
                {
                  "name": "k_cache_cross_1",
                  "elem_type": 10,
                  "shape": [
                    6,
                    1,
                    64,
                    1500
                  ]
                },
                {
                  "name": "v_cache_cross_1",
                  "elem_type": 10,
                  "shape": [
                    6,
                    1,
                    1500,
                    64
                  ]
                },
                {
                  "name": "k_cache_cross_2",
                  "elem_type": 10,
                  "shape": [
                    6,
                    1,
                    64,
                    1500
                  ]
                },
                {
                  "name": "v_cache_cross_2",
                  "elem_type": 10,
                  "shape": [
                    6,
                    1,
                    1500,
                    64
                  ]
                },
                {
                  "name": "k_cache_cross_3",
                  "elem_type": 10,
                  "shape": [
                    6,
                    1,
                    64,
                    1500
                  ]
                },
                {
                  "name": "v_cache_cross_3",
                  "elem_type": 10,
                  "shape": [
                    6,
                    1,
                    1500,
                    64
                  ]
                }
              ],
              "node_types": {
                "EPContext": 1
              },
              "has_qdq": false,
              "has_epcontext": true,
              "epcontext_nodes": [
                {
                  "name": "QNNContext",
                  "domain": "com.microsoft",
                  "attrs": {
                    "embed_mode": 0,
                    "ep_cache_context": "./encoder_qairt_context.bin",
                    "source": "QNN"
                  }
                }
              ]
            }
          }
        ]
      }
    },
    {
      "name": "4_verify_provider_visibility",
      "status": "PASS",
      "detail": null,
      "evidence": {
        "ort_version": "1.24.3",
        "installed_packages": {
          "onnxruntime": "1.24.3",
          "onnxruntime-qnn": "2.1.0",
          "onnx": "1.21.0",
          "numpy": "2.4.4"
        },
        "available_providers_before": [
          "AzureExecutionProvider",
          "CPUExecutionProvider"
        ],
        "plugin_import": "PASS",
        "registration": "PASS",
        "qnn_ep_devices": [
          "<onnxruntime.capi.onnxruntime_pybind11_state.OrtEpDevice object at 0x000001F674DE9FF0>",
          "<onnxruntime.capi.onnxruntime_pybind11_state.OrtEpDevice object at 0x000001F6760F5CB0>",
          "<onnxruntime.capi.onnxruntime_pybind11_state.OrtEpDevice object at 0x000001F6760F6AB0>"
        ],
        "provider_options": {
          "library_path": "D:\\_DEV\\.venv-qnn\\Lib\\site-packages\\onnxruntime_qnn\\onnxruntime_providers_qnn.dll",
          "backend_path": "D:\\_DEV\\.venv-qnn\\Lib\\site-packages\\onnxruntime_qnn\\QnnHtp.dll"
        },
        "visibility_interpretation": "plugin-style QNN provider success: registration passed and QNN EP devices were discovered. It is acceptable if get_available_providers() still lists only built-in providers.",
        "all_ep_devices": [
          "<onnxruntime.capi.onnxruntime_pybind11_state.OrtEpDevice object at 0x000001F674DC6C70>",
          "<onnxruntime.capi.onnxruntime_pybind11_state.OrtEpDevice object at 0x000001F674DE9FF0>",
          "<onnxruntime.capi.onnxruntime_pybind11_state.OrtEpDevice object at 0x000001F6760F5CB0>",
          "<onnxruntime.capi.onnxruntime_pybind11_state.OrtEpDevice object at 0x000001F6760F6AB0>"
        ],
        "available_providers_after": [
          "AzureExecutionProvider",
          "CPUExecutionProvider"
        ]
      }
    },
    {
      "name": "5_load_encoder_session",
      "status": "PASS",
      "detail": null,
      "evidence": {
        "path": "D:\\_DEV\\qnn-artifacts\\whisper_tiny-precompiled_qnn_onnx-float-qualcomm_snapdragon_x_elite\\whisper_tiny-precompiled_qnn_onnx-float-qualcomm_snapdragon_x_elite\\encoder.onnx",
        "style": "plugin_add_provider_for_devices",
        "plugin_error": null,
        "cpu_fallback_disabled": true,
        "providers": [
          "QNNExecutionProvider",
          "CPUExecutionProvider"
        ],
        "provider_options": {
          "QNNExecutionProvider": {},
          "CPUExecutionProvider": {}
        },
        "inputs": [
          {
            "name": "input_features",
            "type": "tensor(float16)",
            "shape": [
              1,
              80,
              3000
            ]
          }
        ],
        "outputs": [
          {
            "name": "k_cache_cross_0",
            "type": "tensor(float16)",
            "shape": [
              6,
              1,
              64,
              1500
            ]
          },
          {
            "name": "v_cache_cross_0",
            "type": "tensor(float16)",
            "shape": [
              6,
              1,
              1500,
              64
            ]
          },
          {
            "name": "k_cache_cross_1",
            "type": "tensor(float16)",
            "shape": [
              6,
              1,
              64,
              1500
            ]
          },
          {
            "name": "v_cache_cross_1",
            "type": "tensor(float16)",
            "shape": [
              6,
              1,
              1500,
              64
            ]
          },
          {
            "name": "k_cache_cross_2",
            "type": "tensor(float16)",
            "shape": [
              6,
              1,
              64,
              1500
            ]
          },
          {
            "name": "v_cache_cross_2",
            "type": "tensor(float16)",
            "shape": [
              6,
              1,
              1500,
              64
            ]
          },
          {
            "name": "k_cache_cross_3",
            "type": "tensor(float16)",
            "shape": [
              6,
              1,
              64,
              1500
            ]
          },
          {
            "name": "v_cache_cross_3",
            "type": "tensor(float16)",
            "shape": [
              6,
              1,
              1500,
              64
            ]
          }
        ]
      }
    },
    {
      "name": "6_load_decoder_session",
      "status": "PASS",
      "detail": null,
      "evidence": {
        "path": "D:\\_DEV\\qnn-artifacts\\whisper_tiny-precompiled_qnn_onnx-float-qualcomm_snapdragon_x_elite\\whisper_tiny-precompiled_qnn_onnx-float-qualcomm_snapdragon_x_elite\\decoder.onnx",
        "style": "plugin_add_provider_for_devices",
        "plugin_error": null,
        "cpu_fallback_disabled": true,
        "providers": [
          "QNNExecutionProvider",
          "CPUExecutionProvider"
        ],
        "provider_options": {
          "QNNExecutionProvider": {},
          "CPUExecutionProvider": {}
        },
        "inputs": [
          {
            "name": "input_ids",
            "type": "tensor(int32)",
            "shape": [
              1,
              1
            ]
          },
          {
            "name": "attention_mask",
            "type": "tensor(float16)",
            "shape": [
              1,
              1,
              1,
              200
            ]
          },
          {
            "name": "k_cache_self_0_in",
            "type": "tensor(float16)",
            "shape": [
              6,
              1,
              64,
              199
            ]
          },
          {
            "name": "v_cache_self_0_in",
            "type": "tensor(float16)",
            "shape": [
              6,
              1,
              199,
              64
            ]
          },
          {
            "name": "k_cache_self_1_in",
            "type": "tensor(float16)",
            "shape": [
              6,
              1,
              64,
              199
            ]
          },
          {
            "name": "v_cache_self_1_in",
            "type": "tensor(float16)",
            "shape": [
              6,
              1,
              199,
              64
            ]
          },
          {
            "name": "k_cache_self_2_in",
            "type": "tensor(float16)",
            "shape": [
              6,
              1,
              64,
              199
            ]
          },
          {
            "name": "v_cache_self_2_in",
            "type": "tensor(float16)",
            "shape": [
              6,
              1,
              199,
              64
            ]
          },
          {
            "name": "k_cache_self_3_in",
            "type": "tensor(float16)",
            "shape": [
              6,
              1,
              64,
              199
            ]
          },
          {
            "name": "v_cache_self_3_in",
            "type": "tensor(float16)",
            "shape": [
              6,
              1,
              199,
              64
            ]
          },
          {
            "name": "k_cache_cross_0",
            "type": "tensor(float16)",
            "shape": [
              6,
              1,
              64,
              1500
            ]
          },
          {
            "name": "v_cache_cross_0",
            "type": "tensor(float16)",
            "shape": [
              6,
              1,
              1500,
              64
            ]
          },
          {
            "name": "k_cache_cross_1",
            "type": "tensor(float16)",
            "shape": [
              6,
              1,
              64,
              1500
            ]
          },
          {
            "name": "v_cache_cross_1",
            "type": "tensor(float16)",
            "shape": [
              6,
              1,
              1500,
              64
            ]
          },
          {
            "name": "k_cache_cross_2",
            "type": "tensor(float16)",
            "shape": [
              6,
              1,
              64,
              1500
            ]
          },
          {
            "name": "v_cache_cross_2",
            "type": "tensor(float16)",
            "shape": [
              6,
              1,
              1500,
              64
            ]
          },
          {
            "name": "k_cache_cross_3",
            "type": "tensor(float16)",
            "shape": [
              6,
              1,
              64,
              1500
            ]
          },
          {
            "name": "v_cache_cross_3",
            "type": "tensor(float16)",
            "shape": [
              6,
              1,
              1500,
              64
            ]
          },
          {
            "name": "position_ids",
            "type": "tensor(int32)",
            "shape": [
              1
            ]
          }
        ],
        "outputs": [
          {
            "name": "logits",
            "type": "tensor(float16)",
            "shape": [
              1,
              51865,
              1,
              1
            ]
          },
          {
            "name": "k_cache_self_0_out",
            "type": "tensor(float16)",
            "shape": [
              6,
              1,
              64,
              199
            ]
          },
          {
            "name": "v_cache_self_0_out",
            "type": "tensor(float16)",
            "shape": [
              6,
              1,
              199,
              64
            ]
          },
          {
            "name": "k_cache_self_1_out",
            "type": "tensor(float16)",
            "shape": [
              6,
              1,
              64,
              199
            ]
          },
          {
            "name": "v_cache_self_1_out",
            "type": "tensor(float16)",
            "shape": [
              6,
              1,
              199,
              64
            ]
          },
          {
            "name": "k_cache_self_2_out",
            "type": "tensor(float16)",
            "shape": [
              6,
              1,
              64,
              199
            ]
          },
          {
            "name": "v_cache_self_2_out",
            "type": "tensor(float16)",
            "shape": [
              6,
              1,
              199,
              64
            ]
          },
          {
            "name": "k_cache_self_3_out",
            "type": "tensor(float16)",
            "shape": [
              6,
              1,
              64,
              199
            ]
          },
          {
            "name": "v_cache_self_3_out",
            "type": "tensor(float16)",
            "shape": [
              6,
              1,
              199,
              64
            ]
          }
        ]
      }
    },
    {
      "name": "7_smallest_encoder_inference",
      "status": "PASS",
      "detail": null,
      "evidence": {
        "inputs": [
          {
            "name": "input_features",
            "ort_type": "tensor(float16)",
            "ort_shape": [
              1,
              80,
              3000
            ],
            "actual_shape": [
              1,
              80,
              3000
            ],
            "dtype": "float16"
          }
        ],
        "outputs": [
          {
            "shape": [
              6,
              1,
              64,
              1500
            ],
            "dtype": "float16"
          },
          {
            "shape": [
              6,
              1,
              1500,
              64
            ],
            "dtype": "float16"
          },
          {
            "shape": [
              6,
              1,
              64,
              1500
            ],
            "dtype": "float16"
          },
          {
            "shape": [
              6,
              1,
              1500,
              64
            ],
            "dtype": "float16"
          },
          {
            "shape": [
              6,
              1,
              64,
              1500
            ],
            "dtype": "float16"
          },
          {
            "shape": [
              6,
              1,
              1500,
              64
            ],
            "dtype": "float16"
          },
          {
            "shape": [
              6,
              1,
              64,
              1500
            ],
            "dtype": "float16"
          },
          {
            "shape": [
              6,
              1,
              1500,
              64
            ],
            "dtype": "float16"
          }
        ]
      }
    },
    {
      "name": "7_smallest_decoder_inference",
      "status": "PASS",
      "detail": null,
      "evidence": {
        "inputs": [
          {
            "name": "input_ids",
            "ort_type": "tensor(int32)",
            "ort_shape": [
              1,
              1
            ],
            "actual_shape": [
              1,
              1
            ],
            "dtype": "int32"
          },
          {
            "name": "attention_mask",
            "ort_type": "tensor(float16)",
            "ort_shape": [
              1,
              1,
              1,
              200
            ],
            "actual_shape": [
              1,
              1,
              1,
              200
            ],
            "dtype": "float16"
          },
          {
            "name": "k_cache_self_0_in",
            "ort_type": "tensor(float16)",
            "ort_shape": [
              6,
              1,
              64,
              199
            ],
            "actual_shape": [
              6,
              1,
              64,
              199
            ],
            "dtype": "float16"
          },
          {
            "name": "v_cache_self_0_in",
            "ort_type": "tensor(float16)",
            "ort_shape": [
              6,
              1,
              199,
              64
            ],
            "actual_shape": [
              6,
              1,
              199,
              64
            ],
            "dtype": "float16"
          },
          {
            "name": "k_cache_self_1_in",
            "ort_type": "tensor(float16)",
            "ort_shape": [
              6,
              1,
              64,
              199
            ],
            "actual_shape": [
              6,
              1,
              64,
              199
            ],
            "dtype": "float16"
          },
          {
            "name": "v_cache_self_1_in",
            "ort_type": "tensor(float16)",
            "ort_shape": [
              6,
              1,
              199,
              64
            ],
            "actual_shape": [
              6,
              1,
              199,
              64
            ],
            "dtype": "float16"
          },
          {
            "name": "k_cache_self_2_in",
            "ort_type": "tensor(float16)",
            "ort_shape": [
              6,
              1,
              64,
              199
            ],
            "actual_shape": [
              6,
              1,
              64,
              199
            ],
            "dtype": "float16"
          },
          {
            "name": "v_cache_self_2_in",
            "ort_type": "tensor(float16)",
            "ort_shape": [
              6,
              1,
              199,
              64
            ],
            "actual_shape": [
              6,
              1,
              199,
              64
            ],
            "dtype": "float16"
          },
          {
            "name": "k_cache_self_3_in",
            "ort_type": "tensor(float16)",
            "ort_shape": [
              6,
              1,
              64,
              199
            ],
            "actual_shape": [
              6,
              1,
              64,
              199
            ],
            "dtype": "float16"
          },
          {
            "name": "v_cache_self_3_in",
            "ort_type": "tensor(float16)",
            "ort_shape": [
              6,
              1,
              199,
              64
            ],
            "actual_shape": [
              6,
              1,
              199,
              64
            ],
            "dtype": "float16"
          },
          {
            "name": "k_cache_cross_0",
            "ort_type": "tensor(float16)",
            "ort_shape": [
              6,
              1,
              64,
              1500
            ],
            "actual_shape": [
              6,
              1,
              64,
              1500
            ],
            "dtype": "float16"
          },
          {
            "name": "v_cache_cross_0",
            "ort_type": "tensor(float16)",
            "ort_shape": [
              6,
              1,
              1500,
              64
            ],
            "actual_shape": [
              6,
              1,
              1500,
              64
            ],
            "dtype": "float16"
          },
          {
            "name": "k_cache_cross_1",
            "ort_type": "tensor(float16)",
            "ort_shape": [
              6,
              1,
              64,
              1500
            ],
            "actual_shape": [
              6,
              1,
              64,
              1500
            ],
            "dtype": "float16"
          },
          {
            "name": "v_cache_cross_1",
            "ort_type": "tensor(float16)",
            "ort_shape": [
              6,
              1,
              1500,
              64
            ],
            "actual_shape": [
              6,
              1,
              1500,
              64
            ],
            "dtype": "float16"
          },
          {
            "name": "k_cache_cross_2",
            "ort_type": "tensor(float16)",
            "ort_shape": [
              6,
              1,
              64,
              1500
            ],
            "actual_shape": [
              6,
              1,
              64,
              1500
            ],
            "dtype": "float16"
          },
          {
            "name": "v_cache_cross_2",
            "ort_type": "tensor(float16)",
            "ort_shape": [
              6,
              1,
              1500,
              64
            ],
            "actual_shape": [
              6,
              1,
              1500,
              64
            ],
            "dtype": "float16"
          },
          {
            "name": "k_cache_cross_3",
            "ort_type": "tensor(float16)",
            "ort_shape": [
              6,
              1,
              64,
              1500
            ],
            "actual_shape": [
              6,
              1,
              64,
              1500
            ],
            "dtype": "float16"
          },
          {
            "name": "v_cache_cross_3",
            "ort_type": "tensor(float16)",
            "ort_shape": [
              6,
              1,
              1500,
              64
            ],
            "actual_shape": [
              6,
              1,
              1500,
              64
            ],
            "dtype": "float16"
          },
          {
            "name": "position_ids",
            "ort_type": "tensor(int32)",
            "ort_shape": [
              1
            ],
            "actual_shape": [
              1
            ],
            "dtype": "int32"
          }
        ],
        "outputs": [
          {
            "shape": [
              1,
              51865,
              1,
              1
            ],
            "dtype": "float16"
          },
          {
            "shape": [
              6,
              1,
              64,
              199
            ],
            "dtype": "float16"
          },
          {
            "shape": [
              6,
              1,
              199,
              64
            ],
            "dtype": "float16"
          },
          {
            "shape": [
              6,
              1,
              64,
              199
            ],
            "dtype": "float16"
          },
          {
            "shape": [
              6,
              1,
              199,
              64
            ],
            "dtype": "float16"
          },
          {
            "shape": [
              6,
              1,
              64,
              199
            ],
            "dtype": "float16"
          },
          {
            "shape": [
              6,
              1,
              199,
              64
            ],
            "dtype": "float16"
          },
          {
            "shape": [
              6,
              1,
              64,
              199
            ],
            "dtype": "float16"
          },
          {
            "shape": [
              6,
              1,
              199,
              64
            ],
            "dtype": "float16"
          }
        ]
      }
    },
    {
      "name": "8_real_audio_smoke_test",
      "status": "NEEDS_ARTIFACT_SPECIFIC_ADAPTER",
      "detail": "test.wav exists and is readable. Full transcript proof requires artifact-specific audio preprocessing, tokenizer, decoder loop, and KV-cache handling.",
      "evidence": {
        "test_wav": "D:\\_DEV\\test.wav",
        "channels": 1,
        "sample_width_bytes": 2,
        "sample_rate_hz": 16000,
        "frame_count": 62560,
        "duration_seconds": 3.91
      }
    },
    {
      "name": "9_define_pass_fail_evidence",
      "status": "PASS_LOAD_PROOF__AUDIO_TRANSCRIPT_NOT_CLAIMED",
      "detail": null,
      "evidence": {
        "cpu_fallback_disabled": true,
        "encoder_path": "D:\\_DEV\\qnn-artifacts\\whisper_tiny-precompiled_qnn_onnx-float-qualcomm_snapdragon_x_elite\\whisper_tiny-precompiled_qnn_onnx-float-qualcomm_snapdragon_x_elite\\encoder.onnx",
        "decoder_path": "D:\\_DEV\\qnn-artifacts\\whisper_tiny-precompiled_qnn_onnx-float-qualcomm_snapdragon_x_elite\\whisper_tiny-precompiled_qnn_onnx-float-qualcomm_snapdragon_x_elite\\decoder.onnx",
        "artifact_type_guess": "precompiled_qnn_onnx / EPContext ONNX + external QNN context binary",
        "hard_fail_steps": [],
        "warnings": [],
        "synthetic_inference_statuses": {
          "7_smallest_encoder_inference": "PASS",
          "7_smallest_decoder_inference": "PASS"
        },
        "test_wav": "D:\\_DEV\\test.wav",
        "installed_packages": {
          "onnxruntime": "1.24.3",
          "onnxruntime-qnn": "2.1.0",
          "onnx": "1.21.0",
          "numpy": "2.4.4"
        },
        "runtime_request": {
          "onnxruntime": {
            "package": "onnxruntime",
            "requested": "1.24.3",
            "specifier": "onnxruntime==1.24.3",
            "source": "artifact_metadata"
          },
          "onnxruntime_qnn": {
            "package": "onnxruntime-qnn",
            "requested": "latest",
            "specifier": "onnxruntime-qnn",
            "source": "default_latest",
            "reason": "Artifact metadata did not declare an onnxruntime-qnn Python package version."
          },
          "runtime_pairing_note": "Artifact SDK metadata: QAIRT 2.42, ONNX Runtime 1.24.3. ONNX Runtime request: 1.24.3. onnxruntime-qnn request: latest. A null/missing qnn package pin is reported as latest by design; installed version is captured after pip resolution.",
          "installed_runtime": {
            "numpy": "2.4.4",
            "onnx": "1.21.0",
            "onnxruntime": "1.24.3",
            "onnxruntime-qnn": "2.1.0"
          }
        },
        "runtime_pairing_note": "Artifact SDK metadata: QAIRT 2.42, ONNX Runtime 1.24.3. ONNX Runtime request: 1.24.3. onnxruntime-qnn request: latest. A null/missing qnn package pin is reported as latest by design; installed version is captured after pip resolution.",
        "provider_visibility_interpretation": "plugin-style QNN provider success: registration passed and QNN EP devices were discovered. It is acceptable if get_available_providers() still lists only built-in providers.",
        "pass_definition": {
          "provider_visible": true,
          "encoder_session_loaded": true,
          "decoder_session_loaded_if_required": true,
          "real_audio_transcript_claimed": false
        },
        "claim": "PASS_LOAD_PROOF__AUDIO_TRANSCRIPT_NOT_CLAIMED proves package/provider/artifact session compatibility only. It does not prove full STT transcript quality until an artifact-specific preprocessing/tokenizer/decode-loop adapter runs test.wav end to end."
      }
    }
  ],
  "artifact": {
    "files": {
      "root": "D:\\_DEV\\qnn-artifacts\\whisper_tiny-precompiled_qnn_onnx-float-qualcomm_snapdragon_x_elite",
      "onnx_files": [
        "D:\\_DEV\\qnn-artifacts\\whisper_tiny-precompiled_qnn_onnx-float-qualcomm_snapdragon_x_elite\\whisper_tiny-precompiled_qnn_onnx-float-qualcomm_snapdragon_x_elite\\decoder.onnx",
        "D:\\_DEV\\qnn-artifacts\\whisper_tiny-precompiled_qnn_onnx-float-qualcomm_snapdragon_x_elite\\whisper_tiny-precompiled_qnn_onnx-float-qualcomm_snapdragon_x_elite\\encoder.onnx"
      ],
      "bin_files": [
        "D:\\_DEV\\qnn-artifacts\\whisper_tiny-precompiled_qnn_onnx-float-qualcomm_snapdragon_x_elite\\whisper_tiny-precompiled_qnn_onnx-float-qualcomm_snapdragon_x_elite\\decoder_qairt_context.bin",
        "D:\\_DEV\\qnn-artifacts\\whisper_tiny-precompiled_qnn_onnx-float-qualcomm_snapdragon_x_elite\\whisper_tiny-precompiled_qnn_onnx-float-qualcomm_snapdragon_x_elite\\encoder_qairt_context.bin"
      ],
      "encoder_candidates": [
        "D:\\_DEV\\qnn-artifacts\\whisper_tiny-precompiled_qnn_onnx-float-qualcomm_snapdragon_x_elite\\whisper_tiny-precompiled_qnn_onnx-float-qualcomm_snapdragon_x_elite\\encoder.onnx"
      ],
      "decoder_candidates": [
        "D:\\_DEV\\qnn-artifacts\\whisper_tiny-precompiled_qnn_onnx-float-qualcomm_snapdragon_x_elite\\whisper_tiny-precompiled_qnn_onnx-float-qualcomm_snapdragon_x_elite\\decoder.onnx"
      ],
      "other_onnx": []
    },
    "onnx_metadata": [
      {
        "path": "D:\\_DEV\\qnn-artifacts\\whisper_tiny-precompiled_qnn_onnx-float-qualcomm_snapdragon_x_elite\\whisper_tiny-precompiled_qnn_onnx-float-qualcomm_snapdragon_x_elite\\decoder.onnx",
        "ir_version": 12,
        "producer_name": "Qualcomm AI Hub Workbench",
        "producer_version": "aihub-2026.04.13.0",
        "opset_import": [
          {
            "domain": "",
            "version": 13
          }
        ],
        "inputs": [
          {
            "name": "input_ids",
            "elem_type": 6,
            "shape": [
              1,
              1
            ]
          },
          {
            "name": "attention_mask",
            "elem_type": 10,
            "shape": [
              1,
              1,
              1,
              200
            ]
          },
          {
            "name": "k_cache_self_0_in",
            "elem_type": 10,
            "shape": [
              6,
              1,
              64,
              199
            ]
          },
          {
            "name": "v_cache_self_0_in",
            "elem_type": 10,
            "shape": [
              6,
              1,
              199,
              64
            ]
          },
          {
            "name": "k_cache_self_1_in",
            "elem_type": 10,
            "shape": [
              6,
              1,
              64,
              199
            ]
          },
          {
            "name": "v_cache_self_1_in",
            "elem_type": 10,
            "shape": [
              6,
              1,
              199,
              64
            ]
          },
          {
            "name": "k_cache_self_2_in",
            "elem_type": 10,
            "shape": [
              6,
              1,
              64,
              199
            ]
          },
          {
            "name": "v_cache_self_2_in",
            "elem_type": 10,
            "shape": [
              6,
              1,
              199,
              64
            ]
          },
          {
            "name": "k_cache_self_3_in",
            "elem_type": 10,
            "shape": [
              6,
              1,
              64,
              199
            ]
          },
          {
            "name": "v_cache_self_3_in",
            "elem_type": 10,
            "shape": [
              6,
              1,
              199,
              64
            ]
          },
          {
            "name": "k_cache_cross_0",
            "elem_type": 10,
            "shape": [
              6,
              1,
              64,
              1500
            ]
          },
          {
            "name": "v_cache_cross_0",
            "elem_type": 10,
            "shape": [
              6,
              1,
              1500,
              64
            ]
          },
          {
            "name": "k_cache_cross_1",
            "elem_type": 10,
            "shape": [
              6,
              1,
              64,
              1500
            ]
          },
          {
            "name": "v_cache_cross_1",
            "elem_type": 10,
            "shape": [
              6,
              1,
              1500,
              64
            ]
          },
          {
            "name": "k_cache_cross_2",
            "elem_type": 10,
            "shape": [
              6,
              1,
              64,
              1500
            ]
          },
          {
            "name": "v_cache_cross_2",
            "elem_type": 10,
            "shape": [
              6,
              1,
              1500,
              64
            ]
          },
          {
            "name": "k_cache_cross_3",
            "elem_type": 10,
            "shape": [
              6,
              1,
              64,
              1500
            ]
          },
          {
            "name": "v_cache_cross_3",
            "elem_type": 10,
            "shape": [
              6,
              1,
              1500,
              64
            ]
          },
          {
            "name": "position_ids",
            "elem_type": 6,
            "shape": [
              1
            ]
          }
        ],
        "outputs": [
          {
            "name": "logits",
            "elem_type": 10,
            "shape": [
              1,
              51865,
              1,
              1
            ]
          },
          {
            "name": "k_cache_self_0_out",
            "elem_type": 10,
            "shape": [
              6,
              1,
              64,
              199
            ]
          },
          {
            "name": "v_cache_self_0_out",
            "elem_type": 10,
            "shape": [
              6,
              1,
              199,
              64
            ]
          },
          {
            "name": "k_cache_self_1_out",
            "elem_type": 10,
            "shape": [
              6,
              1,
              64,
              199
            ]
          },
          {
            "name": "v_cache_self_1_out",
            "elem_type": 10,
            "shape": [
              6,
              1,
              199,
              64
            ]
          },
          {
            "name": "k_cache_self_2_out",
            "elem_type": 10,
            "shape": [
              6,
              1,
              64,
              199
            ]
          },
          {
            "name": "v_cache_self_2_out",
            "elem_type": 10,
            "shape": [
              6,
              1,
              199,
              64
            ]
          },
          {
            "name": "k_cache_self_3_out",
            "elem_type": 10,
            "shape": [
              6,
              1,
              64,
              199
            ]
          },
          {
            "name": "v_cache_self_3_out",
            "elem_type": 10,
            "shape": [
              6,
              1,
              199,
              64
            ]
          }
        ],
        "node_types": {
          "EPContext": 1
        },
        "has_qdq": false,
        "has_epcontext": true,
        "epcontext_nodes": [
          {
            "name": "QNNContext",
            "domain": "com.microsoft",
            "attrs": {
              "embed_mode": 0,
              "ep_cache_context": "./decoder_qairt_context.bin",
              "source": "QNN"
            }
          }
        ]
      },
      {
        "path": "D:\\_DEV\\qnn-artifacts\\whisper_tiny-precompiled_qnn_onnx-float-qualcomm_snapdragon_x_elite\\whisper_tiny-precompiled_qnn_onnx-float-qualcomm_snapdragon_x_elite\\encoder.onnx",
        "ir_version": 12,
        "producer_name": "Qualcomm AI Hub Workbench",
        "producer_version": "aihub-2026.04.13.0",
        "opset_import": [
          {
            "domain": "",
            "version": 13
          }
        ],
        "inputs": [
          {
            "name": "input_features",
            "elem_type": 10,
            "shape": [
              1,
              80,
              3000
            ]
          }
        ],
        "outputs": [
          {
            "name": "k_cache_cross_0",
            "elem_type": 10,
            "shape": [
              6,
              1,
              64,
              1500
            ]
          },
          {
            "name": "v_cache_cross_0",
            "elem_type": 10,
            "shape": [
              6,
              1,
              1500,
              64
            ]
          },
          {
            "name": "k_cache_cross_1",
            "elem_type": 10,
            "shape": [
              6,
              1,
              64,
              1500
            ]
          },
          {
            "name": "v_cache_cross_1",
            "elem_type": 10,
            "shape": [
              6,
              1,
              1500,
              64
            ]
          },
          {
            "name": "k_cache_cross_2",
            "elem_type": 10,
            "shape": [
              6,
              1,
              64,
              1500
            ]
          },
          {
            "name": "v_cache_cross_2",
            "elem_type": 10,
            "shape": [
              6,
              1,
              1500,
              64
            ]
          },
          {
            "name": "k_cache_cross_3",
            "elem_type": 10,
            "shape": [
              6,
              1,
              64,
              1500
            ]
          },
          {
            "name": "v_cache_cross_3",
            "elem_type": 10,
            "shape": [
              6,
              1,
              1500,
              64
            ]
          }
        ],
        "node_types": {
          "EPContext": 1
        },
        "has_qdq": false,
        "has_epcontext": true,
        "epcontext_nodes": [
          {
            "name": "QNNContext",
            "domain": "com.microsoft",
            "attrs": {
              "embed_mode": 0,
              "ep_cache_context": "./encoder_qairt_context.bin",
              "source": "QNN"
            }
          }
        ]
      }
    ],
    "artifact_type_guess": "precompiled_qnn_onnx / EPContext ONNX + external QNN context binary"
  },
  "provider": {
    "ort_version": "1.24.3",
    "installed_packages": {
      "onnxruntime": "1.24.3",
      "onnxruntime-qnn": "2.1.0",
      "onnx": "1.21.0",
      "numpy": "2.4.4"
    },
    "available_providers_before": [
      "AzureExecutionProvider",
      "CPUExecutionProvider"
    ],
    "plugin_import": "PASS",
    "registration": "PASS",
    "qnn_ep_devices": [
      "<onnxruntime.capi.onnxruntime_pybind11_state.OrtEpDevice object at 0x000001F674DE9FF0>",
      "<onnxruntime.capi.onnxruntime_pybind11_state.OrtEpDevice object at 0x000001F6760F5CB0>",
      "<onnxruntime.capi.onnxruntime_pybind11_state.OrtEpDevice object at 0x000001F6760F6AB0>"
    ],
    "provider_options": {
      "library_path": "D:\\_DEV\\.venv-qnn\\Lib\\site-packages\\onnxruntime_qnn\\onnxruntime_providers_qnn.dll",
      "backend_path": "D:\\_DEV\\.venv-qnn\\Lib\\site-packages\\onnxruntime_qnn\\QnnHtp.dll"
    },
    "visibility_interpretation": "plugin-style QNN provider success: registration passed and QNN EP devices were discovered. It is acceptable if get_available_providers() still lists only built-in providers.",
    "all_ep_devices": [
      "<onnxruntime.capi.onnxruntime_pybind11_state.OrtEpDevice object at 0x000001F674DC6C70>",
      "<onnxruntime.capi.onnxruntime_pybind11_state.OrtEpDevice object at 0x000001F674DE9FF0>",
      "<onnxruntime.capi.onnxruntime_pybind11_state.OrtEpDevice object at 0x000001F6760F5CB0>",
      "<onnxruntime.capi.onnxruntime_pybind11_state.OrtEpDevice object at 0x000001F6760F6AB0>"
    ],
    "available_providers_after": [
      "AzureExecutionProvider",
      "CPUExecutionProvider"
    ]
  },
  "sessions": {
    "encoder": {
      "name": "5_load_encoder_session",
      "status": "PASS",
      "detail": null,
      "evidence": {
        "path": "D:\\_DEV\\qnn-artifacts\\whisper_tiny-precompiled_qnn_onnx-float-qualcomm_snapdragon_x_elite\\whisper_tiny-precompiled_qnn_onnx-float-qualcomm_snapdragon_x_elite\\encoder.onnx",
        "style": "plugin_add_provider_for_devices",
        "plugin_error": null,
        "cpu_fallback_disabled": true,
        "providers": [
          "QNNExecutionProvider",
          "CPUExecutionProvider"
        ],
        "provider_options": {
          "QNNExecutionProvider": {},
          "CPUExecutionProvider": {}
        },
        "inputs": [
          {
            "name": "input_features",
            "type": "tensor(float16)",
            "shape": [
              1,
              80,
              3000
            ]
          }
        ],
        "outputs": [
          {
            "name": "k_cache_cross_0",
            "type": "tensor(float16)",
            "shape": [
              6,
              1,
              64,
              1500
            ]
          },
          {
            "name": "v_cache_cross_0",
            "type": "tensor(float16)",
            "shape": [
              6,
              1,
              1500,
              64
            ]
          },
          {
            "name": "k_cache_cross_1",
            "type": "tensor(float16)",
            "shape": [
              6,
              1,
              64,
              1500
            ]
          },
          {
            "name": "v_cache_cross_1",
            "type": "tensor(float16)",
            "shape": [
              6,
              1,
              1500,
              64
            ]
          },
          {
            "name": "k_cache_cross_2",
            "type": "tensor(float16)",
            "shape": [
              6,
              1,
              64,
              1500
            ]
          },
          {
            "name": "v_cache_cross_2",
            "type": "tensor(float16)",
            "shape": [
              6,
              1,
              1500,
              64
            ]
          },
          {
            "name": "k_cache_cross_3",
            "type": "tensor(float16)",
            "shape": [
              6,
              1,
              64,
              1500
            ]
          },
          {
            "name": "v_cache_cross_3",
            "type": "tensor(float16)",
            "shape": [
              6,
              1,
              1500,
              64
            ]
          }
        ]
      }
    },
    "decoder": {
      "name": "6_load_decoder_session",
      "status": "PASS",
      "detail": null,
      "evidence": {
        "path": "D:\\_DEV\\qnn-artifacts\\whisper_tiny-precompiled_qnn_onnx-float-qualcomm_snapdragon_x_elite\\whisper_tiny-precompiled_qnn_onnx-float-qualcomm_snapdragon_x_elite\\decoder.onnx",
        "style": "plugin_add_provider_for_devices",
        "plugin_error": null,
        "cpu_fallback_disabled": true,
        "providers": [
          "QNNExecutionProvider",
          "CPUExecutionProvider"
        ],
        "provider_options": {
          "QNNExecutionProvider": {},
          "CPUExecutionProvider": {}
        },
        "inputs": [
          {
            "name": "input_ids",
            "type": "tensor(int32)",
            "shape": [
              1,
              1
            ]
          },
          {
            "name": "attention_mask",
            "type": "tensor(float16)",
            "shape": [
              1,
              1,
              1,
              200
            ]
          },
          {
            "name": "k_cache_self_0_in",
            "type": "tensor(float16)",
            "shape": [
              6,
              1,
              64,
              199
            ]
          },
          {
            "name": "v_cache_self_0_in",
            "type": "tensor(float16)",
            "shape": [
              6,
              1,
              199,
              64
            ]
          },
          {
            "name": "k_cache_self_1_in",
            "type": "tensor(float16)",
            "shape": [
              6,
              1,
              64,
              199
            ]
          },
          {
            "name": "v_cache_self_1_in",
            "type": "tensor(float16)",
            "shape": [
              6,
              1,
              199,
              64
            ]
          },
          {
            "name": "k_cache_self_2_in",
            "type": "tensor(float16)",
            "shape": [
              6,
              1,
              64,
              199
            ]
          },
          {
            "name": "v_cache_self_2_in",
            "type": "tensor(float16)",
            "shape": [
              6,
              1,
              199,
              64
            ]
          },
          {
            "name": "k_cache_self_3_in",
            "type": "tensor(float16)",
            "shape": [
              6,
              1,
              64,
              199
            ]
          },
          {
            "name": "v_cache_self_3_in",
            "type": "tensor(float16)",
            "shape": [
              6,
              1,
              199,
              64
            ]
          },
          {
            "name": "k_cache_cross_0",
            "type": "tensor(float16)",
            "shape": [
              6,
              1,
              64,
              1500
            ]
          },
          {
            "name": "v_cache_cross_0",
            "type": "tensor(float16)",
            "shape": [
              6,
              1,
              1500,
              64
            ]
          },
          {
            "name": "k_cache_cross_1",
            "type": "tensor(float16)",
            "shape": [
              6,
              1,
              64,
              1500
            ]
          },
          {
            "name": "v_cache_cross_1",
            "type": "tensor(float16)",
            "shape": [
              6,
              1,
              1500,
              64
            ]
          },
          {
            "name": "k_cache_cross_2",
            "type": "tensor(float16)",
            "shape": [
              6,
              1,
              64,
              1500
            ]
          },
          {
            "name": "v_cache_cross_2",
            "type": "tensor(float16)",
            "shape": [
              6,
              1,
              1500,
              64
            ]
          },
          {
            "name": "k_cache_cross_3",
            "type": "tensor(float16)",
            "shape": [
              6,
              1,
              64,
              1500
            ]
          },
          {
            "name": "v_cache_cross_3",
            "type": "tensor(float16)",
            "shape": [
              6,
              1,
              1500,
              64
            ]
          },
          {
            "name": "position_ids",
            "type": "tensor(int32)",
            "shape": [
              1
            ]
          }
        ],
        "outputs": [
          {
            "name": "logits",
            "type": "tensor(float16)",
            "shape": [
              1,
              51865,
              1,
              1
            ]
          },
          {
            "name": "k_cache_self_0_out",
            "type": "tensor(float16)",
            "shape": [
              6,
              1,
              64,
              199
            ]
          },
          {
            "name": "v_cache_self_0_out",
            "type": "tensor(float16)",
            "shape": [
              6,
              1,
              199,
              64
            ]
          },
          {
            "name": "k_cache_self_1_out",
            "type": "tensor(float16)",
            "shape": [
              6,
              1,
              64,
              199
            ]
          },
          {
            "name": "v_cache_self_1_out",
            "type": "tensor(float16)",
            "shape": [
              6,
              1,
              199,
              64
            ]
          },
          {
            "name": "k_cache_self_2_out",
            "type": "tensor(float16)",
            "shape": [
              6,
              1,
              64,
              199
            ]
          },
          {
            "name": "v_cache_self_2_out",
            "type": "tensor(float16)",
            "shape": [
              6,
              1,
              199,
              64
            ]
          },
          {
            "name": "k_cache_self_3_out",
            "type": "tensor(float16)",
            "shape": [
              6,
              1,
              64,
              199
            ]
          },
          {
            "name": "v_cache_self_3_out",
            "type": "tensor(float16)",
            "shape": [
              6,
              1,
              199,
              64
            ]
          }
        ]
      }
    }
  },
  "final": {
    "name": "9_define_pass_fail_evidence",
    "status": "PASS_LOAD_PROOF__AUDIO_TRANSCRIPT_NOT_CLAIMED",
    "detail": null,
    "evidence": {
      "cpu_fallback_disabled": true,
      "encoder_path": "D:\\_DEV\\qnn-artifacts\\whisper_tiny-precompiled_qnn_onnx-float-qualcomm_snapdragon_x_elite\\whisper_tiny-precompiled_qnn_onnx-float-qualcomm_snapdragon_x_elite\\encoder.onnx",
      "decoder_path": "D:\\_DEV\\qnn-artifacts\\whisper_tiny-precompiled_qnn_onnx-float-qualcomm_snapdragon_x_elite\\whisper_tiny-precompiled_qnn_onnx-float-qualcomm_snapdragon_x_elite\\decoder.onnx",
      "artifact_type_guess": "precompiled_qnn_onnx / EPContext ONNX + external QNN context binary",
      "hard_fail_steps": [],
      "warnings": [],
      "synthetic_inference_statuses": {
        "7_smallest_encoder_inference": "PASS",
        "7_smallest_decoder_inference": "PASS"
      },
      "test_wav": "D:\\_DEV\\test.wav",
      "installed_packages": {
        "onnxruntime": "1.24.3",
        "onnxruntime-qnn": "2.1.0",
        "onnx": "1.21.0",
        "numpy": "2.4.4"
      },
      "runtime_request": {
        "onnxruntime": {
          "package": "onnxruntime",
          "requested": "1.24.3",
          "specifier": "onnxruntime==1.24.3",
          "source": "artifact_metadata"
        },
        "onnxruntime_qnn": {
          "package": "onnxruntime-qnn",
          "requested": "latest",
          "specifier": "onnxruntime-qnn",
          "source": "default_latest",
          "reason": "Artifact metadata did not declare an onnxruntime-qnn Python package version."
        },
        "runtime_pairing_note": "Artifact SDK metadata: QAIRT 2.42, ONNX Runtime 1.24.3. ONNX Runtime request: 1.24.3. onnxruntime-qnn request: latest. A null/missing qnn package pin is reported as latest by design; installed version is captured after pip resolution.",
        "installed_runtime": {
          "numpy": "2.4.4",
          "onnx": "1.21.0",
          "onnxruntime": "1.24.3",
          "onnxruntime-qnn": "2.1.0"
        }
      },
      "runtime_pairing_note": "Artifact SDK metadata: QAIRT 2.42, ONNX Runtime 1.24.3. ONNX Runtime request: 1.24.3. onnxruntime-qnn request: latest. A null/missing qnn package pin is reported as latest by design; installed version is captured after pip resolution.",
      "provider_visibility_interpretation": "plugin-style QNN provider success: registration passed and QNN EP devices were discovered. It is acceptable if get_available_providers() still lists only built-in providers.",
      "pass_definition": {
        "provider_visible": true,
        "encoder_session_loaded": true,
        "decoder_session_loaded_if_required": true,
        "real_audio_transcript_claimed": false
      },
      "claim": "PASS_LOAD_PROOF__AUDIO_TRANSCRIPT_NOT_CLAIMED proves package/provider/artifact session compatibility only. It does not prove full STT transcript quality until an artifact-specific preprocessing/tokenizer/decode-loop adapter runs test.wav end to end."
    }
  }
}
 [ 0 ; 9 3 m 2 0 2 6 - 0 5 - 0 4   1 2 : 5 7 : 5 2 . 2 4 3 9 2 7 8   [ W : o n n x r u n t i m e : D e f a u l t ,   c o n f i g _ o p t i o n s . c c : 4 5   o n n x r u n t i m e : : C o n f i g O p t i o n s : : A d d C o n f i g E n t r y ]   C o n f i g   w i t h   k e y   [ e p . q n n e x e c u t i o n p r o v i d e r . b a c k e n d _ p a t h ]   a l r e a d y   e x i s t s   w i t h   v a l u e   [ D : \ _ D E V \ . v e n v - q n n \ L i b \ s i t e - p a c k a g e s \ o n n x r u n t i m e _ q n n \ Q n n H t p . d l l ] .   I t   w i l l   b e   o v e r w r i t t e n  [ m 
  [ 0 ; 9 3 m 2 0 2 6 - 0 5 - 0 4   1 2 : 5 7 : 5 2 . 2 4 4 3 1 0 0   [ W : o n n x r u n t i m e : D e f a u l t ,   c o n f i g _ o p t i o n s . c c : 4 5   o n n x r u n t i m e : : C o n f i g O p t i o n s : : A d d C o n f i g E n t r y ]   C o n f i g   w i t h   k e y   [ e p . q n n e x e c u t i o n p r o v i d e r . b a c k e n d _ p a t h ]   a l r e a d y   e x i s t s   w i t h   v a l u e   [ D : \ _ D E V \ . v e n v - q n n \ L i b \ s i t e - p a c k a g e s \ o n n x r u n t i m e _ q n n \ Q n n H t p . d l l ] .   I t   w i l l   b e   o v e r w r i t t e n  [ m 
  [ 0 ; 9 3 m 2 0 2 6 - 0 5 - 0 4   1 2 : 5 7 : 5 2 . 4 7 4 8 9 5 2   [ W : o n n x r u n t i m e : ,   q n n _ b a c k e n d _ m a n a g e r . c c : 1 6 0 0   o n n x r u n t i m e : : q n n : : Q n n B a c k e n d M a n a g e r : : L o a d C a c h e d Q n n C o n t e x t F r o m B u f f e r ]   F a i l e d   t o   c r e a t e   c o n t e x t   w i t h   f i l e   m a p p i n g   e n a b l e d .   E r r o r :   Q N N _ C O M M O N _ E R R O R _ N O T _ S U P P O R T E D :   A P I   o r   f e a t u r e   i s   n o t   s u p p o r t e d   b y   i m p l e m e n t a t i o n . ,   C o d e   :   1 0 0 0 .   R e t r y i n g   w i t h   f e a t u r e   d i s a b l e d .  [ m 
  [ 0 ; 9 3 m 2 0 2 6 - 0 5 - 0 4   1 2 : 5 7 : 5 2 . 5 2 1 8 1 6 3   [ W : o n n x r u n t i m e : D e f a u l t ,   c o n f i g _ o p t i o n s . c c : 4 5   o n n x r u n t i m e : : C o n f i g O p t i o n s : : A d d C o n f i g E n t r y ]   C o n f i g   w i t h   k e y   [ e p . q n n e x e c u t i o n p r o v i d e r . b a c k e n d _ p a t h ]   a l r e a d y   e x i s t s   w i t h   v a l u e   [ D : \ _ D E V \ . v e n v - q n n \ L i b \ s i t e - p a c k a g e s \ o n n x r u n t i m e _ q n n \ Q n n H t p . d l l ] .   I t   w i l l   b e   o v e r w r i t t e n  [ m 
  [ 0 ; 9 3 m 2 0 2 6 - 0 5 - 0 4   1 2 : 5 7 : 5 2 . 5 2 2 1 9 0 5   [ W : o n n x r u n t i m e : D e f a u l t ,   c o n f i g _ o p t i o n s . c c : 4 5   o n n x r u n t i m e : : C o n f i g O p t i o n s : : A d d C o n f i g E n t r y ]   C o n f i g   w i t h   k e y   [ e p . q n n e x e c u t i o n p r o v i d e r . b a c k e n d _ p a t h ]   a l r e a d y   e x i s t s   w i t h   v a l u e   [ D : \ _ D E V \ . v e n v - q n n \ L i b \ s i t e - p a c k a g e s \ o n n x r u n t i m e _ q n n \ Q n n H t p . d l l ] .   I t   w i l l   b e   o v e r w r i t t e n  [ m 
  [ 0 ; 9 3 m 2 0 2 6 - 0 5 - 0 4   1 2 : 5 7 : 5 2 . 5 3 4 0 2 0 6   [ W : o n n x r u n t i m e : ,   q n n _ b a c k e n d _ m a n a g e r . c c : 1 6 0 0   o n n x r u n t i m e : : q n n : : Q n n B a c k e n d M a n a g e r : : L o a d C a c h e d Q n n C o n t e x t F r o m B u f f e r ]   F a i l e d   t o   c r e a t e   c o n t e x t   w i t h   f i l e   m a p p i n g   e n a b l e d .   E r r o r :   Q N N _ C O M M O N _ E R R O R _ N O T _ S U P P O R T E D :   A P I   o r   f e a t u r e   i s   n o t   s u p p o r t e d   b y   i m p l e m e n t a t i o n . ,   C o d e   :   1 0 0 0 .   R e t r y i n g   w i t h   f e a t u r e   d i s a b l e d .  [ m 
 

FINAL
----------------------------------------------------------------------------------------
{
  "name": "9_define_pass_fail_evidence",
  "status": "PASS_LOAD_PROOF__AUDIO_TRANSCRIPT_NOT_CLAIMED",
  "detail": null,
  "evidence": {
    "cpu_fallback_disabled": true,
    "encoder_path": "D:\\_DEV\\qnn-artifacts\\whisper_tiny-precompiled_qnn_onnx-float-qualcomm_snapdragon_x_elite\\whisper_tiny-precompiled_qnn_onnx-float-qualcomm_snapdragon_x_elite\\encoder.onnx",
    "decoder_path": "D:\\_DEV\\qnn-artifacts\\whisper_tiny-precompiled_qnn_onnx-float-qualcomm_snapdragon_x_elite\\whisper_tiny-precompiled_qnn_onnx-float-qualcomm_snapdragon_x_elite\\decoder.onnx",
    "artifact_type_guess": "precompiled_qnn_onnx / EPContext ONNX + external QNN context binary",
    "hard_fail_steps": [],
    "warnings": [],
    "synthetic_inference_statuses": {
      "7_smallest_encoder_inference": "PASS",
      "7_smallest_decoder_inference": "PASS"
    },
    "test_wav": "D:\\_DEV\\test.wav",
    "installed_packages": {
      "onnxruntime": "1.24.3",
      "onnxruntime-qnn": "2.1.0",
      "onnx": "1.21.0",
      "numpy": "2.4.4"
    },
    "runtime_request": {
      "onnxruntime": {
        "package": "onnxruntime",
        "requested": "1.24.3",
        "specifier": "onnxruntime==1.24.3",
        "source": "artifact_metadata"
      },
      "onnxruntime_qnn": {
        "package": "onnxruntime-qnn",
        "requested": "latest",
        "specifier": "onnxruntime-qnn",
        "source": "default_latest",
        "reason": "Artifact metadata did not declare an onnxruntime-qnn Python package version."
      },
      "runtime_pairing_note": "Artifact SDK metadata: QAIRT 2.42, ONNX Runtime 1.24.3. ONNX Runtime request: 1.24.3. onnxruntime-qnn request: latest. A null/missing qnn package pin is reported as latest by design; installed version is captured after pip resolution.",
      "installed_runtime": {
        "numpy": "2.4.4",
        "onnx": "1.21.0",
        "onnxruntime": "1.24.3",
        "onnxruntime-qnn": "2.1.0"
      }
    },
    "runtime_pairing_note": "Artifact SDK metadata: QAIRT 2.42, ONNX Runtime 1.24.3. ONNX Runtime request: 1.24.3. onnxruntime-qnn request: latest. A null/missing qnn package pin is reported as latest by design; installed version is captured after pip resolution.",
    "provider_visibility_interpretation": "plugin-style QNN provider success: registration passed and QNN EP devices were discovered. It is acceptable if get_available_providers() still lists only built-in providers.",
    "pass_definition": {
      "provider_visible": true,
      "encoder_session_loaded": true,
      "decoder_session_loaded_if_required": true,
      "real_audio_transcript_claimed": false
    },
    "claim": "PASS_LOAD_PROOF__AUDIO_TRANSCRIPT_NOT_CLAIMED proves package/provider/artifact session compatibility only. It does not prove full STT transcript quality until an artifact-specific preprocessing/tokenizer/decode-loop adapter runs test.wav end to end."
  }
}

Outputs:
  qnn_device_probe.json
  qnn_device_recommendations.json
  qnn_device_stt_readiness.log
